14,0.999999916214016
20,0
23,0
26,0.9999999999958171
48,0
51,1
53,0
55,0
69,0.5411568180808409
70,0.9767285892621298
76,1
80,0.9999999999998985
88,0
95,0.0035146009138405016
103,0
113,0.002522410745232864
133,0.9999999926524428
152,0
155,0.0009251845939953627
157,0.9997415003054246
164,1
171,1
178,0
195,0
212,0.15322514846268445
216,0.9906272204946069
226,1
240,0
247,0.0058326236440119
249,0
257,0.5246069308382982
265,1
275,1
282,0
285,0
286,1
295,0
304,0
305,1
322,0
337,0.9993633068216857
344,0.9999831245060279
349,0.45509004333881137
360,1
379,0
387,0
390,0
403,0.999999969176857
414,0
419,0.9999999985905947
421,0.9024880437911478
428,0.7613499349051445
429,0
432,1
452,0
475,0
487,0.0009742536384478601
497,1
505,0
507,0.12831308670755642
527,0.85215464478252
552,0
558,0
561,0
572,1
583,1
584,1
589,1
594,0
606,0
609,0
615,0
630,1
635,0
638,0
645,0.9926935825759117
652,0.995539017483686
660,0
661,0.9999998136875711
663,0.9999824424158292
680,0.0016341497714605433
685,0.00014821515338949324
686,1
690,1
691,0
693,0
695,0
700,0.79146080985346
703,0.9983554993915081
709,0.00011076650844512757
713,1
723,0.7697412147433139
726,0.9999999999987376
727,0
733,0.9960497900497526
743,1
751,0
752,0
758,0.9985053049018245
762,0.6626445642750486
768,0.9931183486143083
771,1
788,0
790,0
791,0
797,0.3411456712726782
802,0.9985089610632922
805,0.010662616245385972
819,1
821,0
825,0
827,0
833,1
843,1
844,1
848,0.5311982917122418
853,0
870,0
872,0.0026079913002233102
895,0
901,0.0012551196488807112
911,0
912,0
916,0
921,0
935,1
940,0
961,0.7616418704578599
963,0
980,1
994,0
1007,0
1006,0
1005,0.003647714333556684
1015,0.0003112022036842343
1024,0
1030,1
1031,1
1033,0.0021577262285740226
1035,0
1046,0.018094965212543737
1065,0
1072,0
1078,0
1080,0
1099,0
1103,0
1133,0
1145,1
1147,1
1150,0
1164,1
1174,0
1181,0.001309252962052265
1182,1
1213,0
1223,0
1225,1
1235,0.9435906749494789
1240,1
1243,0.0012923497756695357
1252,0
1253,0.0005362636806667309
1255,1
1274,1
1278,0
1285,0
1288,0.9608342237739447
1289,1
1290,0
1297,1
1306,0
1311,0
1313,1
1340,0
1342,1
1349,1
1352,0.9999509742002104
1353,0.10130313112214942
1357,0
1363,1
1365,1
1377,0
1381,1
1390,0.40034136590546576
1391,0.9998166399000725
1393,0
1394,0.0009721770201789538
1399,0
1405,0
1409,0.0002691547074010854
1413,1
1422,0
1427,0
1442,1
1446,0
1451,0
1458,0.007107957642241015
1469,0
1472,1
1476,0.999738494627213
1486,1
1489,0.20380540344332979
1496,0
1500,0
1502,1
1520,0
1541,1
1556,0
1575,0
1576,1
1587,0
1597,1
1600,0
1614,0.32142375599645606
1618,0
1621,0
1625,1
1632,0
1637,1
1645,0
1647,0.999999999994575
1650,1
1660,0.9042183614505884
1686,0
1687,1
1701,0
1714,0.939346190810162
1728,1
1738,0.9999656943918076
1756,0
1769,0
1783,0
1785,1
1796,0
1807,0
1812,1
1815,1
1822,0
1823,1
1827,0
1863,0
1871,1
1901,1
1909,0.9999999999983247
1918,1
1928,0.9533900664460458
1936,1
1939,1
1943,0
1953,0
1956,0
1966,1
1968,0
1971,1
1975,0
1996,0.9495130289782976
2028,0
2062,0.24347888928806674
2063,0
2064,0.5292072116128287
2070,1
2072,1
2089,0
2090,0
2093,0
2098,0.9999999640092267
2099,0
2107,0
2108,0
2117,0
2121,0.9999982040975248
2134,1
2135,0
2158,0.9790656119621908
2159,0.9043038490435908
2160,1
2177,0.7919889780794096
2188,0.001884778453451825
2189,1
2203,0
2247,0.9349957277770089
2253,0.001674588603012482
2262,0
2266,0.13317978428340466
2271,0
2274,0.09078108626112744
2279,0
2290,0
2302,0.9999730967614163
2304,0
2312,0.9401862321099176
2316,0.024921444873841424
2318,1
2323,1
2327,0
2333,0
2338,1
2339,0
2347,0.47924757868841805
2351,0.7325112058990735
2355,0
2365,1
2367,0
2385,0
2389,0.5404177862742385
2390,0.0007296709547780335
2393,0
2396,0.9999967439158115
2404,1
2406,1
2407,0.9999999999999887
2426,0.011732390618427494
2435,0
2463,1
2466,0
2469,0
2472,0
2482,0
2498,0.25970435162242683
2501,0
2506,0.025208129874405582
2513,0.1356689283717855
2516,1
2518,1
2536,0
2541,0
2553,1
2565,0.7702973751486302
2571,0
2572,0
2574,0
2577,1
2592,0
2596,0
2600,1
2601,0.9999959019696483
2602,0.1381258153890932
2606,1
2609,1
2612,1
2620,0
2635,0
2640,0.5213210345178156
2642,0
2653,0
2654,0
2667,0.03167622837905669
2676,0
2679,0
2690,1
2693,0
2706,0
2711,1
2712,0.005479627088982708
2715,0
2722,0.995786359102322
2723,0
2728,0
2733,0
2736,1
2742,1
2744,0.9678282211021162
2747,0
2748,0
2749,1
2753,0.9999677945970306
2756,0
2765,0
2798,1
2806,1
2814,1
2815,0
2817,1
2824,1
2828,0
2850,0.9452462737572033
2854,0
2862,0
2874,0.18565183330691262
2881,0.0028320487064431078
2902,0
2906,0.5838132720071766
2910,0
2912,0
2931,1
2932,0.5383241310392859
2936,0
2948,0
2965,0.9997394457486986
2970,0.9482139374038959
2975,1
2977,0.29846895024692294
2983,1
2994,0.17748693529669388
3002,0.00038433850583590714
3008,0.0005445533167567678
3009,1
3017,0
3018,0
3019,1
3021,0.8685685339936866
3068,0.0023804519873403167
3074,1
3100,0
3102,0.9950851052687054
3111,0.000690159736596245
3112,1
3152,0
3161,0.9633851492222126
3166,0
3171,0
3193,0
3214,0
3250,1
3253,0
3254,0
3258,0
3260,0
3284,1
3286,0
3330,0.006441612635441181
3331,1
3338,0.010570493919942947
3339,0
3349,0.522486863237511
3353,0
3354,1
3355,0
3359,0
3376,0.9953893077257686
3388,0
3421,0.9999999999667182
3424,0.4609643885418809
3425,1
3426,0
3460,0.002612061609469362
3483,0.9999998991871593
3486,1
3487,1
3496,0.15581089078867566
3501,1
3502,0
3510,1
3512,0
3524,0
3539,0.9992498984661091
3544,0
3566,1
3586,0
3598,1
3604,0
3606,0
3623,0
3626,1
3634,1
3649,1
3652,0
3666,0
3673,0.2809003425836091
3689,0.9815142429438316
3694,0.9999999999999916
3705,0
3714,0
3724,1
3734,0
3737,0.9999999999999999
3744,1
3760,0
3768,0.9999211781757369
3784,0
3785,0
3794,0
3798,0
3802,1
3811,0.038536854638612374
3829,0
3837,1
3843,0.009147692910059792
3867,0
3878,1
3881,0
3887,0.35206485933990006
3889,1
3898,0
3914,0.9998296704855087
3915,0
3917,1
3925,0.0060337855166895295
3931,1
3934,1
3935,0
3939,0
3940,0
3956,0
3960,1
3962,0
3972,0.0004710853847608789
3999,0
4000,1
4001,1
4003,1
4018,1
4025,1
4031,1
4048,1
4077,0
4083,1
4091,1
4093,1
4097,1
4108,1
4111,1
4125,1
4130,1
4133,1
4136,0
4164,0.9962416480800875
4169,1
4178,1
4186,1
4192,0
4206,1
4217,0
4227,0
4232,0
4238,0.0001681324995699277
4249,1
4256,0
4261,1
4272,0
4306,0
4317,1
4319,0
4325,0
4331,0
4344,0
4348,1
4369,0
4373,0
4374,0
4377,0.9999931070188796
4378,1
4383,0
4397,0
4405,0
4409,0
4410,0
4420,1
4423,0
4437,1
4440,1
4447,1
4451,1
4456,0
4457,1
4466,0
4468,0
4470,0
4474,0
4483,0
4486,1
4487,1
4512,0
4530,0
4533,1
4538,1
4555,0.00012588699797016193
4559,1
4561,0
4587,1
4593,1
4595,1
4598,1
4600,0
4604,0
4616,1
4624,1
4625,1
4651,0
4660,0
4667,1
4670,1
4671,1
4676,0
4692,1
4714,1
4728,1
4742,1
4743,1
4748,0.9999999993173234
4759,0
4765,0
4770,1
4777,0
4781,1
4785,0
4789,1
4792,1
4796,1
4802,1
4817,0.14492163148782303
4818,1
4823,1
4827,1
4837,1
4838,1
4861,1
4875,1
4887,1
4898,1
4937,0
4952,1
4954,1
4998,0
5008,0
5009,0
5028,1
5046,0
5058,0
5059,1
5061,1
5062,0
5067,0.9999779019701014
5072,0
5081,0
5084,1
5101,1
5103,0.9696895356451849
5120,1
5126,1
5137,1
5139,1
5146,1
5149,1
5162,1
5166,0
5177,1
5181,1
5187,0
5190,1
5194,1
5205,1
5207,0
5211,0
5215,0
5229,1
5230,1
5245,1
5256,1
5268,0.9999999999838646
5274,1
5276,1
5277,1
5285,0
5287,1
5309,1
5311,0
5326,0
5333,1
5348,1
5351,0
5357,0
5361,0.9999998846160437
5371,0
5384,1
5387,1
5393,1
5396,1
5423,1
5438,0
5447,1
5456,1
5461,1
5479,0
5489,0
5490,1
5493,1
5500,1
5508,0.9999999999999278
5510,1
5519,1
5538,0
5546,1
5548,1
5557,1
5558,1
5569,1
5591,0
5608,1
5609,0
5614,1
5621,1
5623,1
5625,1
5642,0
5666,1
5667,1
5673,1
5685,0
5689,1
5702,1
5716,0
5727,0
5729,0.9999999999956464
5742,1
5743,1
5750,1
5752,0.9491832205388021
5761,1
5762,1
5768,1
5777,1
5781,1
5785,0
5792,1
5793,1
5800,1
5813,1
5814,1
5827,0.9819252633358165
5841,0
5842,0
5843,1
5857,1
5866,0
5869,1
5870,0.4875026035157893
5878,0
5888,1
5892,1
5917,0
5918,1
5924,1
5937,1
5941,0
5947,0
5950,1
5961,1
5963,1
5966,1
5971,1
5986,0.9999999999999788
5999,1
6007,1
6023,0.9999949443546888
6032,1
6036,0
6039,0
6042,0.9999999984422137
6046,1
6065,0
6069,1
6073,1
6078,1
6095,1
6109,0
6111,0
6113,1
6119,1
6132,1
6135,1
6157,0
6162,1
6189,0
6193,1
6194,0
6200,1
6201,0
6210,0
6218,0
6222,1
6228,1
6234,0
6254,1
6263,1
6276,1
6279,0
6293,1
6294,0
6300,1
6301,1
6304,1
6324,0
6356,1
6371,1
6380,1
6391,0
6398,0
6399,0.999999999994992
6419,0
6429,0
6439,0.00015146568243141096
6427,1
6441,0.021248322711013384
6468,1
6344,1
6353,1
6470,0
6475,0
6497,0
6500,1
6501,1
6510,1
6512,1
6522,1
6539,1
6546,0
6565,0
6566,1
6573,1
6578,1
6579,0.9999997046191497
6583,1
6591,1
6602,0
6604,1
6609,0.9999999999978163
6616,1
6617,1
6618,1
6619,0
6634,0
6646,0
6650,1
6651,0
6662,0
6664,1
6680,0.9999999016762369
6686,1
6689,1
6699,0
6704,1
6718,0
6720,1
6726,0.2478708885605017
6732,1
6771,0
6772,0
6776,1
6780,0
6783,1
6789,1
6810,1
6815,1
6819,0
6822,1
6827,0.9999999959111416
6830,1
6832,1
6836,0
6853,0
6844,0
6857,1
6859,0
6867,1
6882,0.0010270880507116582
6884,0
6894,0.9999999999999963
6895,1
6906,0
6908,1
6909,0
6915,0
6924,1
6928,1
6939,0.999998514859957
6940,1
6943,0
6944,0
6961,1
6968,1
6973,1
6974,0
6984,1
6988,0
6995,1
6996,0
6999,1
7006,0
7017,1
7021,1
7038,1
7040,1
7047,1
7053,1
7056,0
7073,1
7075,1
7080,0.999974067821117
7081,1
7105,1
7126,0
7132,0
7157,1
7172,1
7175,0.9355352341624097
7178,0
7181,0
7193,1
7194,1
7201,1
7218,0.00010205256028196548
7219,0
7221,1
7232,0
7236,1
7241,0
7244,1
7257,1
7272,1
7288,0
7289,1
7290,0
7292,1
7296,0
7312,0
7318,1
7326,0
7328,1
7339,1
7352,1
7354,1
7357,1
7365,1
7371,0
7372,0
7390,0
7393,1
7394,1
7399,0
7401,0
7407,1
7422,0
7423,1
7438,1
7447,1
7461,0
7471,1
7473,0
7474,0
7475,0
7491,1
7504,1
7511,1
7516,1
7536,0.9999949445156205
7545,0.9999984884281463
7560,1
7580,1
7594,1
7600,0
7610,1
7612,1
7614,1
7619,0
7620,1
7632,0
7653,1
7682,0
7684,0
7686,0.9999589221322349
7711,0
7712,0
7721,0
7740,1
7745,1
7748,0
7752,0
7762,0
7768,0
7770,1
7790,0
7803,0
7805,0.027652422322823313
7809,0
7817,0.058915436181748326
7819,1
7822,0.9999942833635369
7833,1
7847,1
7855,1
7858,1
7863,0
7867,1
7868,0
7881,0
7887,0
7905,1
7910,0
7925,1
7934,1
7942,1
7960,1
7990,0
8003,1
8017,1
8018,0
8036,1
8051,0
8066,1
8097,0
8099,1
8115,1
8120,1
8122,1
8128,0
8151,1
8159,1
8162,0.9915071371483561
8163,1
8164,1
8176,1
8178,1
8183,0
8186,1
8189,1
8191,0.1571938309711126
8192,1
8194,1
8197,1
8200,0.9999999999993898
8202,1
8216,1
8220,0.00012095149520494117
8232,0
8235,1
8241,1
8253,1
8260,1
8262,0.9999997919063219
8267,1
8274,1
8277,0
8282,0
8283,1
8285,0
8325,1
8333,1
8347,1
8367,1
8374,1
8395,1
8407,0
8416,1
8432,0.0007423107629820482
8433,1
8439,1
8445,1
8452,0
8458,1
8464,1
8465,0
8466,1
8475,1
8476,1
8477,1
8481,1
8492,0
8493,0
8499,0
8507,1
8532,1
8536,1
8545,1
8576,0
8577,1
8588,1
8592,1
8603,1
8607,1
8614,1
8621,0
8622,1
8631,0
8639,0
8642,0
8657,1
8669,1
8682,1
8689,1
8725,1
8730,1
8731,0.03879113446023776
8735,1
8767,1
8777,0
8779,0.9999550538273357
8786,1
8791,1
8794,1
8815,1
8827,1
8835,0
8851,0
8854,1
8864,1
8867,1
8871,1
8900,0
8901,0
8902,1
8904,1
8909,0
8911,0
8922,0
8946,1
8950,1
8951,1
8958,1
8959,1
8962,1
8966,0
8979,1
8992,1
8998,1
9008,1
9010,1
9018,1
9040,1
9042,1
9048,1
9049,1
9056,1
9062,1
9076,1
9078,1
9082,1
9112,1
9127,1
9128,0
9138,1
9147,0.998357677159295
9176,1
9192,1
9208,0
9209,0
9216,1
9226,1
9227,1
9228,1
9248,0
9255,1
9262,1
9271,0
9280,1
9285,1
9290,1
9300,0.0707648118561409
9321,1
9337,0.9999999999999488
9346,1
9351,1
9364,0
9377,1
9386,1
9395,0.9999999999999943
9398,0
9403,1
9405,0
9420,0
9432,0
9435,0
9447,1
9455,1
9476,1
9493,0
9509,1
9516,1
9523,1
9529,1
9539,0
9544,1
9551,1
9571,1
9576,1
9580,0.027425286673793195
9583,1
9585,1
9586,0
9593,1
9598,0
9599,0
9602,1
9603,1
9604,1
9608,0
9620,1
9622,1
9625,1
9626,1
9630,1
9644,0
9646,1
9648,0
9652,1
9656,1
9665,0.9999999403708363
9679,1
9690,1
9698,0
9708,1
9714,0
9718,1
9745,1
9759,1
9762,1
9765,0
9769,1
9776,1
9778,1
9786,1
9789,1
9795,0.9999999999996205
9806,0.9999994644693104
9832,1
9835,1
9840,1
9867,0
9870,0
9892,1
9898,0
9914,0
9920,1
9926,1
9927,0
9932,1
9938,1
9944,1
9960,0
9966,1
9968,1
9973,0
9982,1
9985,0
9996,0
9999,0.5262259093720664
10000,0
10001,0
10003,0.99999965681643
10006,1
10013,1
10021,1
10046,0
10060,1
10069,1
10080,0
10090,0
10098,1
10104,0
10105,0
10108,1
10111,0.9999933170785915
10112,1
10128,1
10139,0
10165,1
10170,0
10177,0
10194,1
10202,0.4304537770384588
10204,1
10211,0
10213,1
10218,1
10219,1
10245,0
10247,1
10250,1
10259,1
10273,1
10274,1
10277,1
10278,1
10279,1
10280,0
10286,1
10293,1
10296,0
10304,1
10327,1
10328,0
10333,0
10344,1
10348,1
10353,1
10355,1
10358,1
10361,0.00012155769332742522
10367,0
10376,0
10393,0.00021817985662714784
10397,1
10412,0.9999999830839001
10415,0
10433,0
10434,1
10436,1
10460,1
10462,1
10465,1
10489,0
10503,1
10528,1
10541,1
10568,0
10571,0
10577,1
10580,0.9394827474524302
10587,1
10588,1
10622,1
10623,0
10626,1
10656,1
10657,0
10675,1
10683,1
10686,1
10693,0
10698,1
10700,1
10710,1
10757,1
10763,0
10793,0
10800,1
10807,1
10810,1
10820,1
10843,1
10846,1
10860,0
10880,1
10882,0.0001330037795302918
10892,1
10921,1
10931,0
10937,1
10951,1
10961,0.9999999976052812
10967,1
10983,1
10985,0.999999994802042
10986,0.9999999999999997
10992,0.0005385948350103636
10993,1
11000,0
11011,1
11017,1
11028,1
11030,0
11031,0.9999999999439626
11032,0
11033,1
11034,1
11044,1
11046,1
11069,1
11070,0.9852275376163973
11106,0
11110,0
11111,1
11112,1
11117,0
11121,1
11129,1
11132,1
11140,0
11152,1
11153,0.1029106320952423
11155,0
11157,1
11158,1
11164,0
11174,0
11188,0
11191,1
11192,1
11196,1
11205,1
11208,1
11215,1
11216,0
11224,1
11231,0
11249,1
11253,0.7729422593977415
11259,0
11274,1
11277,1
11284,0.004049920032307104
11295,1
11299,1
11305,1
11325,0
11328,1
11332,1
11359,0
11363,1
11369,1
11377,0.001995227459052243
11380,1
11388,1
11404,1
11412,1
11413,0
11452,0
11468,1
11471,1
11472,0.003368209791246782
11476,1
11493,0
11499,0
11504,1
11508,1
11512,0.0004436636746144184
11546,0
11552,1
11557,0
11559,1
11562,1
11572,0
11576,0
11579,0.9999999570565712
11581,1
11582,0.9999839534397611
11584,0
11587,1
11590,1
11600,0.00013368788859685046
11608,0
11616,1
11641,0
11642,1
11651,1
11656,1
11662,1
11672,0
11683,1
11684,0.999999999999995
11688,1
11698,1
11704,1
11713,0.9916739069015661
11719,0
11726,1
11732,0
11743,0.9999999999284053
11749,0
11760,0
11771,0
11772,0.010771730045140742
11782,0
11788,1
11790,1
11801,1
11810,0
11822,1
11846,1
11863,1
11882,1
11886,0
11887,0
11902,1
11929,1
11959,0
11974,0
11975,1
11989,1
11991,1
12000,1
12008,0.9999999999999988
12017,1
12025,0
12032,1
12035,1
12044,1
12052,1
12058,1
12068,0.9952507579393298
12071,1
12079,1
12095,0
12100,1
12105,0
12120,0
12121,1
12146,1
12158,1
12166,1
12160,0
12184,1
12187,1
12197,0
12209,1
12210,1
12213,1
12219,0
12220,1
12225,0
12228,0
12230,1
12239,1
12263,0
12259,0
12264,0
12267,1
12270,1
12276,1
12284,0
12290,1
12295,1
12305,1
12309,1
12318,1
12319,1
12320,0
12325,1
12336,1
12337,0
12346,1
12359,0
12366,1
12375,1
12377,1
12378,1
12380,0.9999999773928593
12415,1
12422,0.022361539881779916
12446,1
12452,1
12456,0
12463,0
12469,1
12473,1
12481,0
12502,0
12526,0.9994528167907927
12543,1
12544,0.9999967762530632
12546,1
12575,0
12585,1
12598,0.0007423107615206805
12606,1
12612,1
12643,1
12646,1
12647,1
12648,1
12650,1
12653,1
12656,1
12665,0
12670,1
12671,0
12678,1
12687,1
12688,1
12692,0
12697,1
12702,1
12704,0
12724,1
12781,0
12782,1
12785,1
12786,1
12797,0
12801,0
12803,1
12811,1
12819,0
12822,1
12825,1
12830,0
12839,0
12848,0
12849,1
12850,0.9741925035687007
12852,1
12862,1
12890,1
12912,1
12913,1
12924,1
12927,1
12930,0
12932,1
12869,0
12985,1
12996,1
13000,0
13004,0
13030,1
13034,1
13046,1
13051,1
13057,1
13058,1
13070,1
13081,1
13089,0
13096,0
13102,1
13111,1
13128,1
13130,1
13134,0
13139,1
13141,1
13152,1
13162,1
13166,0.9999999999988713
13193,0
13216,1
13236,0.8323947150739265
13250,1
13252,1
13257,1
13260,1
13276,0
13284,0
13285,1
13287,1
13310,0.9999585093099297
13318,0
13322,1
13335,1
13342,0
13356,1
13365,1
13376,1
13391,0
13395,0
13418,1
13419,1
13461,1
13466,1
12911,0.9999999636473974
12887,1
12936,1
13483,1
13502,1
13508,1
13510,1
13513,0.0936382122377385
13514,1
13522,1
13528,1
13529,0
13539,1
13545,1
13547,0
13550,1
13556,1
13561,1
13563,1
13568,1
13571,0
13580,1
13584,0
13591,0
13596,1
13625,1
13628,1
13630,1
13643,1
13645,1
13650,1
13656,1
13657,1
13663,1
13675,1
13680,0.9999999999984917
13681,1
13686,1
13687,1
13690,1
13691,1
13693,1
13702,1
13719,1
13725,1
13730,1
13738,0
13740,1
13742,1
13746,1
13776,1
13797,0
13803,1
13821,1
13824,0.7873744183348467
13836,1
13839,1
13841,0
13851,1
13863,1
13865,0
13869,0
13876,1
13886,0
13901,0
13903,1
13904,1
13928,1
13934,1
13940,0
13941,0.011124859621351115
13951,1
13955,0.9999999999824821
13968,1
13985,1
13986,1
13989,1
13990,1
13998,1
14013,1
14026,0
14038,1
14044,1
14058,0.46207059267718287
14069,0.8887817210269219
14072,0.1857605953068428
14085,1
14097,1
14101,0
14115,1
14120,1
14127,1
14129,1
14133,1
14144,1
14148,1
14164,1
14165,1
14166,1
14167,1
14172,1
14193,1
14199,1
14201,1
14204,1
14210,1
14220,1
14227,1
14228,0
14229,1
14233,0
14252,0.999999999999956
14255,1
14267,1
14268,1
14275,1
14277,1
14298,0
14302,0
14308,1
14309,0
14314,1
14321,1
14322,1
14332,0
14337,1
14347,1
14362,1
14378,0
14392,1
14430,1
14457,1
14461,1
14472,1
14488,1
14490,1
14504,1
14505,0
14525,0
14529,1
14532,0
14541,1
14547,0
14554,1
14579,0.9999832148635676
14588,0
14594,1
14610,0
14631,0
14634,1
14636,1
14646,0
14653,0
14659,0
14660,1
14675,0.9992539711661534
14678,0
14688,0.9993135501695871
14692,1
14697,0
14701,0.9998006005402659
14717,1
14727,0
14731,0
14732,0
14736,0
14738,1
14750,0
14759,1
14761,0.9740547909153717
14766,0.06080565390673422
14768,0
14776,0.9999197272442961
14778,1
14781,0
14785,1
14791,0.999857361256697
14793,1
14799,0
14808,1
14812,1
14830,0
14845,0
14853,0
14855,0.9999546021157962
14870,1
14887,0
14895,0
14899,1
14912,1
14914,1
14928,1
14953,0.0011954422667494816
14957,1
14966,0.9791140467188499
14970,0.00033004186635812705
14988,0.7133927781239472
14991,1
14992,0
14997,1
15008,1
15031,0
15037,0.00040549304823431817
15038,0
15043,0
15057,0
15059,1
15060,0
15061,1
15063,0
15081,1
15096,0
15108,1
15118,0.00020962095320625223
15139,0
15149,0
15160,1
15162,0
15163,0
15165,0
15173,1
15186,1
15191,0
15203,0
15208,0.06567358415877943
15212,0.9999999974572
15213,0
15214,0.0638642955033453
15215,0.9999999999999997
15227,0
15237,0
15253,1
15272,1
15273,0
15275,0.9265688302329916
15279,1
15281,1
15290,0.949814563820397
15296,1
15322,0.9999999995165146
15333,0.9992723192019008
15339,0
15347,0.029515436122242254
15349,1
15352,0.011890772331333545
15362,1
15366,0.2278498466221558
15386,0
15388,0.00015984576482544528
15408,1
15409,0
15420,1
15424,0.08496468243624292
15437,1
15441,0.11144800342202826
15442,0.9980116929398007
15444,1
15457,0
15459,0.024635761745894828
15460,0.9635744509388072
15465,0
15470,1
15473,0
15479,0.026871269354463257
15483,0.8840752261139495
15496,0
15500,0.14319494057399473
15510,0
15513,1
15516,0.536597639410599
15522,0
15530,0.031249677849517748
15546,0.9999999959897727
15553,0
15594,0.9999924200774808
15599,0
15602,1
15614,0
15618,1
15624,0.9999969943088177
15628,0.9972562970530456
15632,1
15648,0.0026085903330860466
15701,1
15705,0.006383310393608147
15706,0
15713,1
15724,0.0755708649625737
15729,0
15732,1
15749,0.5718684938777876
15756,1
15758,0.9985284997130769
15760,0.9972829368434624
15770,0
15774,0
15775,0.999999184958243
15776,0.0032202511112946306
15779,0
15796,1
15802,1
15813,0
15818,1
15823,0.0014061502592540747
15827,1
15832,0
15843,0
15844,0.012068674225782653
15845,0.07695786849528798
15846,0.9942053003538596
15848,0
15876,1
15877,0.999998466533247
15881,1
15904,1
15916,0.0007803401246850238
15919,1
15926,0
15929,0
15933,1
15937,0.9650341081583313
15946,1
15959,0
15963,0
15981,0.1255681959600446
15993,1
15995,0.9951552350021948
15999,0
16028,0.0206352839552627
16029,0.9999999999999999
16033,1
16038,1
16047,0.9419033117625195
16065,0
16088,1
16092,0
16094,0
16101,0
16127,0
16129,1
16135,0
16136,0
16140,0
16145,0.17872641799293765
16149,0.9999692626263228
16156,0
16167,0
16168,1
16175,0
16183,0
16201,0.0021718537287316836
16248,0
16251,1
16254,1
16259,0
16263,1
16270,0
16273,0
16275,0
16276,1
16281,0.9999999999999998
16282,1
16287,1
16290,1
16313,0.8743521434846537
16320,0
16324,1
16330,0.9999999486541946
16332,1
16334,0
16342,0
16348,0.999999999998558
16356,0
16360,0
16362,1
16372,0
16373,0
16379,0
16388,0
16381,0
16395,1
16383,1
16396,1
16401,1
16406,1
16411,1
16424,1
16434,1
16440,1
16445,1
16458,0
16463,0
16481,0
16483,0
16484,0
16487,1
16490,0.9999990947013134
16491,0
16496,1
16504,0
16525,0.9998522734661776
16530,1
16531,1
16535,0
16546,0
16551,0
16559,1
16564,0
16570,0.9980828545100303
16582,0.9974138616183557
16591,0
16598,0
16601,0
16610,0
16615,1
16621,0
16625,0.9999999999999986
16628,1
16627,0
16637,0
16646,1
16655,0.9999999669326195
16656,1
16661,0
16686,0
16687,1
16692,1
16702,0.9999706731285052
16712,0
16717,1
16727,0.24973989440488237
16739,0
16744,0
16748,0
16757,1
16763,0.00021065876723608729
16765,0.019265232631591758
16766,1
16787,0
16805,1
16807,1
16826,0.963736283095739
16831,1
16841,0
16852,0
16863,0.9617643124559786
16869,1
16883,0.9995987692791223
16891,0.9999999999887987
16898,1
16915,0.9237217824440007
16919,0.05577611466139265
16956,0.0007916501975732528
16971,1
16973,0
16979,1
16984,1
16998,0
16999,1
17002,0
17025,1
17027,0.99999318726912
17037,0
17038,0.999455448163438
17039,0
17041,0.9998663301542401
17046,0
17055,1
17062,0
17073,1
17078,0.01781043165861029
17085,0
17095,0
17101,0
17141,1
17144,1
17170,1
17179,0.9999622837559012
17181,1
17186,0.9964597097539268
17187,0.1657661038755715
17202,1
17204,1
17223,0.9568897346853801
17231,0
17243,0.0001993935903789846
17255,0
17256,0
17272,0.9999999997333278
17275,1
17278,0
17326,1
17327,1
17333,1
17340,1
17343,0
17359,1
17373,0.9934517581354053
17376,1
17379,1
17390,1
17411,0.4143764294995341
17412,1
17413,1
17419,1
17437,1
17442,0
17456,1
17462,0
17467,0.028472401875039355
17478,0.9973203714506053
17486,0.03506028936849358
17493,0
17495,0.9999974131324553
17500,0
17527,0
17530,1
17532,1
17534,0
17535,1
17542,0
17546,0
17554,0
17561,1
17578,0
17580,0
17588,1
17600,1
17601,0
17607,0
17613,1
17618,0.9206757167012104
17627,0
17628,1
17630,1
17659,0
17661,0.9476008699513045
17660,1
17668,1
17692,1
17693,0
17697,0
17709,0
17710,1
17716,0
17719,1
17722,1
17730,0.00039622017720137437
17742,0.9999997046191406
17747,1
17756,0.9528271422461243
17786,0
17819,0.91387968417004
17830,1
17841,1
17853,0
17855,0
17886,0.10004479145347873
17889,1
17892,1
17893,1
17899,0.9992037400280429
17922,0
17924,1
17953,1
17984,1
17987,1
17989,0.9875946406563199
17992,0.9988985017855463
17996,1
17998,0.0012354582186617107
18009,1
18016,0
18028,0
18034,1
18035,0
18043,1
18045,1
18047,1
18056,1
18061,1
18068,1
18071,0.03795135839337207
18072,0.7652349065839482
18085,0
18095,1
18096,0
18098,0.01195907314568931
18102,0
18116,1
18128,0
18133,0.030638607685716652
18174,0
18175,1
18179,0.9999065845727212
18186,0
18193,0.8508797168177247
18195,1
18207,0.999971971560745
18208,1
18214,1
18236,0
18250,0.119204492928478
18267,0
18270,1
18275,1
18276,0.684956169253158
18281,1
18306,1
18310,1
18327,0
18347,1
18355,0.00021171445403026724
18358,0.4730579491393537
18361,0.6861809246673608
18371,0.5058324909835792
18384,1
18386,1
18413,0
18421,1
18456,1
18458,0.000492757751226832
18471,0
18481,1
18485,0.9999989894375452
18492,0.9396526241549024
18526,0
18533,0.9837195677285396
18537,0.2655841373707622
18543,0
18548,0
18549,1
18554,0
18562,0.9999439950169028
18577,1
18584,0.9843084376741222
18585,1
18589,1
18598,0
18608,0.4809257755742803
18613,0
18635,0.9901894900022441
18636,0.9562519186391567
18640,0.9982764927612411
18644,0.9946393184539388
18646,0.0028697119514937463
18652,1
18666,0.6296368235238718
18674,0
18685,0.9997715536148304
18695,1
18708,1
18717,0
18734,1
18761,0.00031072944013656504
18762,1
18782,0
18796,0
18803,0
18815,0
18823,0.6873500956285865
18837,1
18840,1
18852,0
18856,0
18859,0
18866,0
18867,0.969538575998982
18881,0.35548844428047466
18894,0
18915,0.9999626447597841
18929,0.0013241754256835406
18937,0
18939,0.9999999909000782
18940,0
18941,0
18955,0.9963341100976773
18960,1
18966,0.024465231622498723
18983,1
18985,0.9999999999999367
18992,1
19009,0.6767779110149412
19018,0.04496081890535525
19036,1
19037,1
19046,1
19049,1
19058,0
19063,0
19065,0.05289567163895985
19081,0
19082,1
19087,1
19091,1
19098,1
19137,0.9519964145134984
19143,1
19152,0
19154,1
19163,1
19172,1
19194,0
19200,0
19227,1
19240,1
19246,0.00016981190741835827
19251,0.9540207240555217
19262,1
19263,0
19264,0
19267,0.9996494718987594
19272,1
19276,0.951315925364202
19281,0
19283,1
19288,1
19297,0
19304,0.9977541306757362
19309,0
19310,1
19317,0
19320,1
19322,0.6565315001014896
19330,1
19335,0
19346,1
19382,1
19388,0
19397,0.0008649403074134725
19420,1
19422,0.49375032324849744
19424,1
19425,1
19446,0
19448,0.9999999997761976
19456,0.29222136002971666
19482,1
19495,0
19519,1
19520,0.9993765042749798
19537,1
19538,1
19541,0.06356601833577753
19546,0
19551,1
19562,1
19579,0.4295748921883862
19581,0.7055284603984101
19591,1
19592,0.5730388399808617
19597,1
19598,1
19610,1
19612,1
19621,0
19626,1
19627,1
19629,0.9999819095028175
19633,1
19638,0.9999423876647162
19644,1
19654,1
19656,1
19658,1
19685,1
19690,1
19693,1
19698,1
19709,0.9999995572685341
19720,1
19743,1
19746,1
19758,1
19766,1
19771,1
19780,1
19781,1
19803,0.6360332250585695
19807,0.5580552275278114
19814,1
19827,1
19829,1
19840,1
19842,1
19849,0.7346992440361997
19850,1
19854,0.7043812095000049
19860,1
19869,0.6002330491931027
19873,1
19874,1
19884,1
19887,0.19759160125067804
19897,0.9936646186290841
19917,1
19920,1
19935,0.9999999770511974
19940,1
19964,1
19970,0.590602816011818
19976,1
19982,0
19984,0
19989,0
19992,0.7007544228723215
19995,1
20002,1
20012,1
20028,1
20030,0.8675779495314457
20034,1
20040,1
20041,1
20050,1
20056,1
20058,1
20062,0.9999999612636504
20064,1
20082,0
20069,0
20113,1
20120,1
20128,1
20134,0
20135,0
20143,1
20158,1
20168,1
20179,1
20190,1
20192,1
20199,0
20200,1
20207,0
20209,0.2672684731694993
20212,1
20215,0
20222,1
20226,1
20233,1
20238,0.9999999999972925
20244,1
20245,0
20249,0
20253,0
20258,0.5732198327367994
20269,0.9999764179229703
20280,0.9999999999998711
20290,1
20333,0
20357,0
20365,0
20377,0
20382,0
20391,0
20396,0.99999998374719
20421,0
20423,0
20427,0
20431,0.1775304042388921
20433,1
20435,1
20440,1
20459,0
20460,0
20461,0
20466,0.00010182675375701638
20477,0.8656862564536878
20478,0
20486,0
20491,0.8859430769787076
20493,0
20504,1
20507,1
20512,0.9196972974340758
20524,0.2840137164219308
20525,1
20529,0.0037214625484592832
20534,1
20540,1
20543,0
20553,0
20557,1
20558,0.9999422889205052
20560,1
20561,1
20564,0
20565,1
20572,1
20583,1
20585,0.4982752564104761
20586,1
20590,0
20591,0
20621,0
20634,0
20637,0.4090708445415549
20646,1
20653,0.08083965605885148
20660,0.9855125939091935
20664,1
20679,0.03805224707099165
20683,1
20695,0
20696,0
20703,0.9999999949808578
20708,0
20709,0.02253158303952927
20726,0.0002737790537354105
20729,1
20731,1
20742,1
20746,0.9999999110329791
20758,0
20760,0.03786557140834437
20766,0.999999994705609
20791,0.04080505690759038
20794,1
20796,1
20833,0.24173383865516632
20837,0
20842,1
20845,0.8581237889586529
20853,0.994306769058885
20858,1
20862,0.5736096929312535
20871,1
20874,1
20886,0
20891,1
20893,0.1067299292088353
20897,1
20906,1
20908,1
20912,0
20918,1
20926,1
20933,0.21462172010023708
20934,1
20938,0
20953,0.7014824628025667
20956,0.8217346261762983
20959,1
20969,0.4564420794964818
20972,1
20977,0.7344708258808993
20999,0
21007,1
21008,0
21022,1
21024,0.371822818197481
21063,0
21068,0
21074,0
21079,0
21081,0
21082,0
21091,0
21102,0.07010427248461377
21109,0
21121,1
21122,0
21129,0.03945335276582864
21137,0
21138,0.04683852251150133
21145,0
21161,0
21180,0.9999684016875203
21181,0
21186,0
21195,0
21201,0.9629802657279269
21212,0.008397870607026282
21240,0.9999914962941211
21248,0.9941182393190977
21271,0.9999999996685927
21278,0
21284,0
21311,0.9956945733451391
21314,0.9999999999961579
21317,0.04566345281655173
21323,1
21333,0
21341,0
21363,0
21364,0
21371,1
21372,0.7647302423103529
21376,0.4855561888235808
21401,0.7736292061416759
21417,0.1783567071244792
21419,0.11128759355611931
21447,0
21450,1
21464,1
21471,1
21477,1
21481,1
21483,1
21494,1
21507,0.8823225407709014
21511,0
21526,0
21548,0
21576,1
21584,0.0003543042911106903
21587,1
21596,1
21597,0
21627,0.9999997746459773
21629,0
21631,0
21634,1
21641,0.00047728390176162127
21655,1
21662,0
21672,0
21701,0
21702,0.14406880420542473
21712,0
21736,1
21753,0
21761,0.9999228745414334
21763,0
21769,0
21780,1
21781,1
21783,0
21785,0
21790,0
21796,0
21799,0
21810,0
21816,0.9999999999999847
21820,0.9989626002849795
21838,0.00011219378164823252
21856,1
21857,0
21863,0
21874,0
21878,0
21881,1
21906,0
21920,1
21923,0.012240460352147028
21941,0.9937612533743071
21946,0
21948,0.0036949019609976673
21953,0.013993848916940633
21960,1
21973,0
21984,0
21985,0.9999791424044326
21986,0
21990,0
21991,0
21992,0
21994,0
22013,0
22041,0
22075,0
22087,0
22082,0
22089,0
22093,0
22094,0
22117,0.009088477520909927
22122,0
22127,0
22129,0
22154,1
22156,0.9887341206273593
22178,0
22184,0
22187,1
22190,0
22198,0
22202,0.07225365371602745
22211,1
22214,0
22219,0
22266,0.5729175558453412
22270,0.2030274302495243
22279,1
22311,1
22312,1
22334,0
22339,1
22345,1
22355,1
22360,1
22368,1
22377,1
22384,1
22385,0
22391,1
22397,0.8400903854047985
22411,0
22437,1
22441,1
22442,0
22444,0.000303501052428211
22459,1
22460,0.6446480914843852
22465,1
22473,0
22481,1
22485,0
22489,0.3374584608393884
22491,1
22508,0.999996179401036
22517,1
22524,1
22560,0
22562,1
22567,0.9999889052064205
22588,1
22589,1
22592,0.11351379473966372
22604,0.9324890073905837
22609,1
22610,1
22617,1
22622,1
22625,1
22635,1
22636,1
22642,1
22645,1
22656,0.9987705817733135
22657,0
22658,1
22659,1
22681,1
22685,1
22688,0
22689,1
22690,1
22704,1
22705,1
22706,1
22707,1
22720,1
22731,0.0008974995826852798
22732,0
22733,1
22740,0
22743,1
22748,1
22749,1
22752,1
22758,1
22765,0
22769,0
22792,1
22798,1
22802,0
22803,1
22805,1
22811,1
22831,0
22837,0
22832,1
22845,0
22870,1
22868,1
22871,1
22883,0.999999992743193
22884,1
22889,1
22893,0
22896,0
22917,1
22920,1
22927,1
22939,1
22945,0
22966,1
22969,1
22970,1
22981,1
22982,1
23006,1
23020,1
23029,1
23034,1
23048,1
23065,0
23073,0
23078,1
23083,0
23087,1
23091,1
23115,1
23130,1
23134,1
23133,0
23146,1
23157,1
23175,0.9999999985255784
23180,0.9527994996657974
23189,1
23193,1
23195,1
23210,0.999999999999965
23223,1
23235,1
23247,1
23254,1
23255,0.9999999382393904
23257,1
23258,1
23260,0
23269,1
23275,0
23283,1
23284,1
23286,1
23288,1
23290,1
23308,1
23314,1
23325,0
23339,1
23340,1
23343,1
23345,1
23369,0
23371,1
23398,0
23399,1
23412,1
23420,1
23424,1
23438,1
23452,1
23459,1
23465,0
23511,1
23519,0
23527,1
23533,0
23542,1
23543,0
23556,1
23559,1
23563,1
23566,0
23587,1
23588,1
23591,0
23600,0
23611,1
23615,1
23624,0
23633,1
23653,1
23658,0.9999999999992047
23662,1
23668,0
23684,1
23707,0
23710,0
23716,1
23722,1
23723,1
23736,1
23740,1
23744,1
23758,1
23771,1
23783,1
23799,1
23809,0
23812,1
23816,1
23823,0.9999999991364764
23833,0
23835,1
23849,1
23863,1
23876,1
23881,1
23882,1
23891,1
23893,0.27499966804074066
23894,0
23895,1
23902,1
23903,0
23927,1
23930,0
23934,1
23943,1
23944,0
23959,1
23967,1
23972,0.999999715894197
23978,0.9982910375946302
23979,1
23996,0
23997,1
24004,1
24022,0
24030,0
24033,1
24050,1
24058,1
24063,0.9999999993659734
24073,1
24089,1
24091,1
24105,1
24115,0
24116,1
24126,1
24136,0
24145,1
24146,1
24150,1
24156,1
24158,1
24160,1
24190,1
24194,1
24197,0.020134793327951577
24200,0.011265097485376043
24203,1
24210,1
24212,1
24224,0.997947040570433
24229,1
24235,1
24239,1
24278,1
24284,1
24289,1
24300,0
24326,0.9999999998185426
24344,0
24353,1
24356,1
24359,1
24369,1
24371,1
24382,1
24392,1
24397,0
24404,1
24419,1
24420,0
24443,1
24449,1
24454,1
24456,1
24469,1
24479,1
24485,1
24493,1
24502,0
24507,1
24510,1
24528,0.9999999909454642
24531,1
24534,1
24551,1
24557,0
24569,1
24577,1
24592,1
24595,0
24618,1
24619,1
24622,0.9996367086233354
24626,0
24632,1
24634,0
24640,1
24646,0.014078743458728392
24647,1
24665,0
24699,0.9999999999999795
24705,1
24714,0
24724,0
24731,0
24734,0.9987326711902134
24740,0.9999430795726478
24741,0
24749,1
24754,0
24770,1
24790,0
24796,0
24797,1
24799,0
24803,0
24807,0
24813,0
24830,1
24839,0.7622493928928611
24850,0
24856,0
24862,0.9999999995981732
24868,0
24869,0
24873,1
24881,1
24888,0
24892,0
24895,0
24904,1
24905,0
24908,0.020235714363365163
24918,0.9999889532211482
24936,1
24966,0
24970,1
24971,1
24973,1
24979,1
25012,1
25017,1
25020,1
25031,0.9999520356275636
25041,0
25074,0
25075,1
25097,1
25110,0
25115,1
25131,1
25142,0
25157,0
25161,0
25163,1
25179,0
25189,1
25214,0.6387631751517266
25217,0
25227,1
25248,0
25250,1
25258,1
25283,0
25298,0.9999999999993016
25302,0.0015780769765358206
25303,1
25328,1
25330,1
25331,0.012128434986956382
25332,1
25339,0.9999435859907196
25344,0
25350,0.06980767533068358
25351,0
25361,1
25383,1
25384,1
25385,0.9999999990218071
25396,0.9999999989293501
25401,1
25406,1
25418,0.000174656533287256
25419,0.9999979751275702
25422,0.009575713177523473
25429,0.9997084553876014
25436,0.9999847369492263
25454,0
25469,1
25471,1
25472,1
25479,1
25480,1
25482,1
25494,1
25495,1
25503,1
25505,0
25512,1
25519,0.009801085987515211
25521,0
25535,0
25556,1
25560,0
25567,1
25573,1
25583,1
25609,0
25610,1
25621,1
25622,1
25651,1
25654,1
25674,1
25695,1
25696,1
25708,1
25718,1
25719,0
25725,1
25727,1
25729,1
25746,1
25748,0
25755,1
25764,0
25768,0
25780,0
25783,1
25786,1
25788,1
25797,1
25804,1
25808,1
25821,1
25838,1
25854,1
25856,1
25871,1
25879,1
25896,0.9999999868914354
25926,0
25928,1
25932,1
25947,1
25948,0.9055156320870067
25956,0
25958,1
25960,1
25969,0
25972,1
25981,1
25987,0.8765621287212123
25993,1
25996,0
25997,1
26001,1
26009,1
26014,1
26017,0
26024,1
26037,0
26043,0
26053,0
26048,0.8494223350070345
26054,0
26061,1
26077,0.9992794639833025
26039,1
26089,0.0001433611809012548
26059,1
26102,1
26104,1
26120,0
26139,0.04030472901513947
26133,0
26153,1
26159,0
26185,0.9998065012243016
26197,1
26199,0
26204,1
26227,1
26230,1
26247,0.0004700991668011218
26272,1
26273,0
26279,1
26296,1
26300,0.999999999999956
26301,0
26305,1
26308,1
26309,1
26320,1
26327,1
26331,0
26349,1
26361,1
26365,0.0047492878355281445
26380,1
26384,1
26399,0
26402,0
26405,0
26412,1
26424,1
26430,0.9999998142107284
26447,0.9999999999999968
26454,0
26461,1
26462,0.78918170539504
26471,0
26478,1
26490,0
26513,0
26519,1
26543,0.999999999999914
26554,0.9999999999963817
26558,1
26564,0.9999999566951
26566,0.9999999476335676
26574,0
26588,0.9999999999984258
26589,0
26612,0
26614,0.9893342826048797
26630,1
26644,1
26664,0
26667,0.9988763591716779
26668,0.9999999832522182
26669,0
26672,1
26674,1
26680,0
26684,1
26698,1
26709,0
26711,0
26747,0
26760,0
26761,0
26763,1
26776,1
26801,0
26808,0
26812,1
26814,0
26822,1
26823,0
26851,1
26861,0
26877,1
26882,0
26884,0
26889,1
26898,0
26903,0
26921,0
26930,0
26949,1
26958,0
26964,0
26982,1
27017,1
27019,1
27020,0.9999847361395118
27034,1
27043,0
27062,1
27067,0
27073,0
27084,1
27087,1
27093,1
27110,1
27117,1
27119,1
27167,0
27171,1
27183,0
27204,1
27207,1
27209,1
27216,1
27221,1
27228,0.9999999933256899
27240,1
27243,0
27245,1
27250,1
27257,1
27258,0.9992235487917293
27263,0
27270,1
27283,1
27285,1
27302,1
27303,1
27328,1
27330,1
27344,1
27345,1
27351,1
27358,0.9999999999977044
27359,0.2839402061842904
27360,1
27380,0
27390,1
27395,0.9999999998600869
27412,0.5707716118944944
27422,1
27431,0
27439,0
27441,1
27446,1
27455,0
27457,1
27460,0.9859363729567545
27465,0
27473,1
27480,0.0004241496403604825
27487,0
27491,1
27498,1
27506,1
27517,0
27519,0.9999999999992557
27528,1
27541,1
27554,1
27559,1
27563,0.8563131673373082
27565,1
27568,0
27573,0
27576,0
27586,1
27606,1
27609,0
27613,1
27614,1
27624,1
27631,0.9999599363093803
27642,1
27645,0
27666,0.5680546029103616
27679,1
27686,0
27690,0.10241723673142018
27692,0.9999996985526114
27727,0.04674054081112966
27734,0.9786020276107074
27746,0.02222345353621432
27753,1
27778,0.9999999999999605
27805,0.9964929573542614
27809,1
27814,0.9999999999999901
27835,1
27854,0.9987429869365729
27863,1
27889,1
27893,0
27898,0.04280992024033006
27902,0
27935,1
27941,0.9779059273749118
27944,0
27958,1
27963,0.731426281689645
27967,0.8000226997809526
27973,1
27978,0
27980,0
27984,0
27985,1
28002,0
28014,1
28023,1
28031,0.9999999999999941
28048,0.8947306104774906
28054,0.0055134130287982286
28081,1
28090,1
28096,0.9931793502008377
28100,1
28101,1
28116,0
28119,0.05271181768965211
28121,0.5079912167258813
28153,1
28159,0.03920369033985107
28162,0
28169,0.013659057112723753
28185,1
28191,1
28205,0.8380074259505439
28207,0
28211,0.9988593669515604
28212,0
28214,0
28223,0.9978371566306167
28225,0
28244,1
28246,1
28254,0.997672378616459
28257,1
28258,1
28269,1
28275,0
28284,1
28292,0.00014979031557452025
28300,1
28312,0
28351,0
28360,1
28369,0
28390,0
28417,0
28421,1
28422,0.72990604704083
28423,0.9999482999444194
28425,0
28431,0.0005840334079937165
28452,1
28454,1
28457,1
28467,1
28469,0
28476,1
28501,0.19185794411812476
28508,0.9874449632660207
28527,0
28529,1
28554,0
28581,0.014557279544639682
28583,0.2280674460592304
28584,0.6853272613479164
28589,1
28594,0
28595,1
28598,1
28612,1
28614,1
28623,0
28628,0.9639975074392311
28644,1
28652,1
28657,0
28658,1
28659,1
28677,1
28684,1
28685,1
28694,1
28697,1
28699,0
28700,0
28702,1
28708,1
28722,1
28724,1
28727,1
28744,1
28761,1
28766,1
28771,1
28793,0
28795,1
28802,0.9999999999982649
28814,0.047879252764362924
28821,0
28824,0.9999996687236841
28831,1
28834,1
28853,0.005670279962003828
28856,0
28857,0.004936217954079011
28861,0.20024322802832495
28863,0.1231555928886001
28864,0.9999999337612413
28866,1
28873,0.5595828249412664
28895,0.1389321166475367
28896,1
28897,0.0030393657884781274
28905,0
28912,0
28914,1
28916,1
28924,1
28928,1
28937,1
28941,1
28947,1
28962,1
28967,0
28973,1
28981,0.9928962263111905
28994,1
28996,1
28997,1
28999,1
29016,0.9991755848165754
29027,1
29038,1
29042,0
29043,1
29046,1
29056,1
29062,1
29064,1
29071,1
29082,0.0003254422617750219
29092,0
29100,1
29102,1
29111,0.027819303724640285
29119,0
29130,1
29139,0.04472706867517946
29148,0.003984251391388638
29150,0.8671980516857853
29165,0.9774673634667704
29170,0.014441723713792712
29172,0.8796033784505322
29175,0.006963558469358628
29198,1
29202,0
29211,1
29222,0.003834020130667256
29234,0
29235,1
29236,0
29243,1
29245,0
29261,0
29264,1
29279,1
29282,0
29291,0.9999953462328902
29292,0
29299,1
29312,0.9820042905369596
29313,0.02285349031311677
29314,0.9999997176168265
29328,0.46708239937095697
29338,1
29339,1
29342,1
29344,0.8538347712799949
29371,1
29379,1
29382,1
29387,0
29391,0
29401,0
29403,0.27985618044238364
29409,1
29410,0
29420,0.9999999999999996
29443,1
29445,0.0791270572267847
29476,0
29485,1
29491,0.9864691439907166
29519,0
29533,0
29552,0
29568,0
29583,1
29609,0
29610,0
29615,1
29622,0.7539871780337918
29623,0
29648,1
29658,0.00018778846856843263
29678,1
29681,0
29686,0
29701,1
29707,1
29711,0
29718,1
29744,0.9991955119821423
29746,0.9989506807195766
29748,0
29751,0.002131456147784419
29755,0.24409110359931588
29772,0
29773,0
29774,0.00010462718912321168
29779,1
29783,0.002773134564533628
29785,0.008770907712040438
29791,1
29811,0.9570974862873848
29839,0
29845,0.12641792417983713
29849,1
29857,0.8313081717799041
29860,0
29866,0
29871,0.40799205719384707
29884,1
29885,0.9999979031031994
29905,0
29913,1
29916,1
29925,0.9999999999004141
29926,0
29938,0.0027183720863513334
29940,1
29945,0.8790297006078108
29957,0
29971,1
29985,0
29993,0.41460486741856895
30003,1
30004,0
30008,0
30022,0
30033,0
30036,1
30037,1
30051,0.7400257808022175
30052,0
30068,0.9999998411014929
30073,0
30074,0
30089,0
30094,0
30100,0.002471299995172972
30124,0
30134,0
30139,1
30141,1
30144,0.9923437691965632
30145,1
30157,0
30163,0.8655205171296608
30168,0
30173,0.28373559403596266
30186,0
30209,0
30211,0
30238,0
30240,0.9270560040371322
30245,0.9906691867014257
30272,0
30273,1
30275,1
30278,0.9999999629130261
30288,0.9998953811625706
30301,0
30302,0.5302015757893288
30309,0.2140837496978536
30325,1
30332,0.9816468484210813
30334,0
30335,0.9999999999890753
30341,0.9796255791301612
30342,0.9406161061037788
30345,0
30346,0
30355,0.9964242564975777
30362,0.8384301946497051
30365,0
30369,1
30380,0
30401,0
30429,1
30434,0
30436,0.018188918585728457
30453,0.9999429901333713
30456,0.4001025294067436
30457,1
30458,0
30459,1
30465,0.9988421130823905
30468,1
30478,0
30484,0
30512,0.9992820291099661
30514,0.0018694779286605567
30536,1
30539,1
30547,1
30552,0
30556,1
30572,1
30590,0.6307195700503765
30593,0
30594,0.9999999999999997
30608,0
30619,0
30632,1
30654,1
30655,0
30672,1
30674,0.9007661174151647
30687,1
30698,1
30704,1
30719,0.00590804629339256
30731,0.0001455115677839489
30739,0.39969717373554453
30742,1
30750,0
30761,1
30770,0
30777,0
30784,0
30797,1
30800,0
30801,1
30824,1
30828,1
30829,1
30836,1
30839,1
30851,0
30865,1
30868,1
30871,1
30874,1
30878,1
30879,1
30888,0
30902,1
30905,1
30924,0
30928,1
30930,0
30933,1
30934,0
30953,0.9999999999663498
30971,1
30979,1
30987,1
31007,0.9999973607153391
31020,0
31024,0
31040,0
31047,1
31053,1
31070,1
31072,0.9999999999999996
31096,0
31108,1
31113,1
31121,0
31122,0
31124,1
31125,0.9999999904433408
31142,1
31162,1
31165,0
31181,1
31187,1
31197,0
31213,0
31225,1
31231,0.0004805973671702632
31251,0
31265,0
31274,0
31278,1
31281,0
31282,0
31298,1
31306,0
31309,0
31315,0
31317,1
31320,1
31324,1
31338,0
31351,0.9999999999982737
31372,0
31381,1
31391,1
31395,0
31396,1
31405,1
31411,0
31419,0.9999969488837526
31425,0
31457,0
31458,1
31472,1
31479,1
31480,0
31486,1
31492,0.42076819638121754
31507,0.32033322767861155
31513,1
31537,0
31538,0
31554,0.09841154794743767
31555,0
31562,1
31574,1
31588,1
31589,1
31615,1
31619,1
31621,0
31634,1
31637,1
31638,1
31643,0
31645,0.9757652617197075
31646,1
31653,0
31657,0
31659,1
31670,1
31674,0.885769667782961
31698,0.002801580671655689
31701,1
31702,0.9999999987928587
31706,1
31707,1
31723,1
31735,0
31741,1
31758,0
31763,1
31770,0
31780,1
31784,0
31789,1
31792,1
31801,1
31802,0
31825,1
31827,1
31829,0
31830,0
31832,1
31838,1
31840,0
31854,1
31865,1
31869,0
31870,1
31874,0.999999990239933
31884,0
31886,1
31897,1
31911,1
31919,1
31948,0.9842493956546345
31949,0
31970,0
31978,0
31980,0.9974522661084386
31985,1
32001,1
32003,0
32017,1
32024,1
32025,1
32034,0
32042,1
32048,1
32076,0.05869026476649071
32078,1
32080,0
32103,1
32082,1
32110,1
32130,1
32134,0.9999981438960357
32143,0
32146,0.9999999997838395
32154,0
32172,0.9999996568164299
32177,1
32179,1
32180,1
32181,0
32184,1
32190,0.9999232591766233
32197,1
32210,1
32213,1
32216,0
32220,0
32233,1
32238,0.7502598145160907
32248,0
32249,1
32271,0
32281,1
32283,1
32287,0.9999999999909557
32308,0
32310,1
32315,1
32328,1
32329,0
32366,1
32369,1
32376,1
32378,0
32387,0
32400,1
32413,1
32416,1
32423,0
32435,1
32439,1
32444,1
32446,1
32460,0
32462,1
32468,0
32471,0
32476,1
32485,1
32499,1
32517,1
32537,0
32545,0
32547,0
32554,0
32561,0
32562,0.3846162436088149
32571,0.00026381078427403234
32573,0
32575,1
32581,1
32599,1
32610,1
32617,0
32618,1
32621,0.9999999382393905
32646,0
32648,0
32669,1
32676,0.8413931407527313
32677,0
32701,1
32712,1
32715,1
32720,0.9917560699353984
32721,1
32732,1
32733,1
32744,1
32754,0.12946063433565547
32756,0
32758,0
32766,0.8262473596493558
32775,0
32778,1
32781,1
32796,0
32799,0
32802,1
32807,1
32820,0
32826,0
32839,1
32842,1
32852,0
32864,0
32868,1
32871,1
32884,0
32885,0
32887,0
32889,1
32899,1
32900,1
32912,1
32904,1
32927,0
32936,1
32939,1
32954,1
32969,0
32971,0.9998832718621337
32979,0
32985,1
32996,0.9999999999854
32998,0
33003,0.18000917730348517
33030,1
33034,0.9821895683507157
33039,1
33041,0.003465611114862531
33046,0
33056,1
33064,0
33071,1
33074,0
33080,0.9999451031670288
33096,1
33124,1
33126,1
33129,1
33132,1
33139,1
33147,1
33166,0
33189,0.999999999935863
33200,0
33205,0.9999998010407766
33224,1
33231,1
33243,0.0001984053445937958
33260,0.9999999999999989
33262,1
33265,0
33287,0.8885852964475259
33329,0.30647143802031007
33331,0
33336,1
33343,0.9999999746377013
33346,0.9965981259210167
33350,1
33351,0.06881058292657259
33353,1
33361,1
33364,1
33410,1
33417,0.9993490524309188
33432,1
33439,1
33453,0.9999862568240026
33458,1
33460,0
33467,1
33480,1
33490,0
33509,0
33526,1
33536,0.9999999999999996
33545,0.9999999999999885
33558,1
33578,1
33582,0
33593,0
33595,0
33615,0.9999999950802101
33618,0.9999999999999989
33620,1
33655,1
33668,1
33673,0
33675,1
33682,0
33696,0.8582808120362735
33705,0
33713,1
33748,0
33757,0
33759,0
33760,1
33765,1
33798,1
33801,1
33803,1
33808,0.7649133516565565
33809,1
33826,1
33830,1
33837,1
33850,1
33858,1
33861,1
33866,1
33868,0
33872,1
33873,0
33879,0.9999420004296512
33885,0
33897,0
33898,0
33913,1
33916,1
33922,0.17449408695855606
33942,1
33958,0.9986858001540329
33959,1
33971,0
33973,0
33991,1
33998,1
34004,0
34007,1
34009,0.941559261665959
34013,1
34024,1
34029,1
34031,0.9961082615969067
34035,0
34036,1
34037,1
34042,0.9453186827840596
34044,1
34053,0
34055,0
34065,0.8546623154287262
34080,1
34082,1
34085,1
34088,1
34090,1
34104,1
34110,1
34119,1
34136,1
34139,0
34148,0.12673374402623072
34161,0.005842945396301529
34180,0.9916331900101616
34196,0
34197,1
34206,1
34211,0.6040561305332041
34212,1
34216,0.24591708810454288
34221,0
34225,1
34227,0
34236,0.003953153165695474
34239,0
34245,0
34263,0
34270,0.9289164239842438
34274,0.9904532511143072
34289,1
34309,0
34316,0.012163729435705076
34326,0.999999961549825
34334,1
34335,0
34347,1
34348,0
34352,0.9857205746984974
34361,0
34369,1
34372,0.20100919798576705
34377,1
34387,0.9777920759763463
34392,0
34405,0
34413,1
34424,1
34430,1
34432,1
34438,0
34439,1
34441,1
34457,0.9999999999631808
34459,1
34463,1
34472,0
34498,0
34519,1
34526,0.9999999998521762
34527,0.22741163130647132
34535,0.9158061834754834
34537,1
34543,1
34544,1
34555,0.9999871081112431
34564,0
34567,0
34568,1
34576,0.9992289358240704
34579,0.9999999999797932
34620,1
34624,1
34626,0
34627,0
34632,0.9965822159760059
34638,0
34642,1
34644,1
34650,1
34651,1
34653,0.9999998378894844
34654,0
34656,1
34660,1
34690,0.8292045179776275
34708,1
34721,0.0009913176876371007
34723,0.592666605494207
34726,1
34730,1
34733,0.007882437187540118
34747,1
34760,0
34761,1
34770,0
34785,1
34800,0
34827,0
34835,1
34836,0.9966697002862464
34837,0.9785110402937048
34851,1
34856,0.7346759947196989
34858,1
34859,0
34861,0
34864,0.8923803423682708
34868,1
34901,1
34932,1
34934,1
34943,1
34946,0.9992730392603848
34948,0
34958,0
34960,1
34969,0.9999999999346615
34981,1
34991,0
34995,1
35003,0.00024198594881402825
35010,0.9030009178555345
35041,0
35043,0.0059400301959967065
35047,0.0074065804096696474
35055,0
35060,0.9999999999999639
35068,0.8276498468756079
35071,1
35092,0.9296935315832509
35101,0
35106,1
35107,0
35122,0.9977056181275586
35126,0
35127,0
35130,0
35151,0
35165,1
35167,0
35175,1
35201,1
35216,1
35217,1
35234,0.9999999998999148
35238,1
35248,1
35267,0
35275,1
35281,1
35287,1
35301,0
35305,0
35307,0
35314,1
35315,0.9996965529699711
35321,1
35323,0.9999999999690918
35332,1
35350,0
35355,1
35357,1
35368,1
35392,1
35408,1
35421,1
35424,1
35435,1
35437,1
35448,0.00039138116957652627
35467,0.016586012364250377
35481,1
35492,0.0009380352481161768
35516,0
35544,0
35545,0
35549,0.005827071182739071
35556,1
35561,1
35563,0
35578,0
35581,0.3611231950912042
35598,1
35612,1
35615,0
35616,1
35618,0.0017102262596725354
35633,0.007094160818147397
35639,0
35645,1
35650,0
35664,1
35667,0.9927448838607528
35672,1
35678,0.23832927252146002
35690,0
35695,0
35699,1
35707,0.3176332112464401
35730,0
35746,0
35749,0.5502410523768507
35752,0
35771,1
35774,0.9592825513822606
35775,0.5243627199513832
35778,0
35783,0
35789,0.5044803951007092
35791,0.9394120719334296
35806,0
35810,1
35818,0.638520157865165
35822,0.5556332022705267
35829,0
35841,0.35278783228813443
35849,0
35852,1
35854,1
35860,0
35872,0
35876,1
35908,1
35911,0
35920,0
35942,1
35946,0.7242566557061481
35968,0
35972,1
35988,1
36018,1
36020,1
36042,1
36043,1
36064,1
36068,0
36072,1
36089,1
36096,0.9998884642240938
36098,1
36105,0.19925835203181896
36118,1
36126,1
36142,1
36145,0.4064638053306342
36148,0
36151,0
36154,1
36156,0
36174,1
36180,1
36191,0.0018715216085668123
36198,0.8524499386569809
36200,1
36207,1
36218,0.9997975874128635
36221,1
36230,1
36232,1
36241,0
36244,0
36262,0
36269,0.999998777974979
36274,1
36289,0
36306,1
36311,1
36316,1
36336,1
36342,1
36344,0.9999999999985651
36349,1
36373,1
36376,1
36379,1
36381,1
36398,1
36405,1
36408,1
36422,0
36426,1
36440,1
36443,0
36446,0.99999999999995
36461,1
36462,1
36470,1
36492,1
36518,0
36519,1
36523,0
36527,1
36540,0.11530200787628594
36547,0.9854428129335872
36555,1
36557,1
36566,0
36585,1
36590,1
36599,0.0007913188525410905
36608,1
36610,1
36612,0.00022707570324223436
36613,1
36619,0
36621,0
36665,1
36676,1
36675,1
36692,0.0019754138317109923
36695,1
36701,1
36708,1
36711,1
36713,0
36723,1
36731,1
36732,1
36739,1
36747,0.9652373544647269
36751,1
36758,1
36759,1
36760,1
36764,0.7525374908656776
36800,1
36809,1
36816,1
36820,1
36822,1
36828,0.9642794628728003
36830,0.0685892651939749
36846,1
36878,0
36884,1
36889,1
36890,1
36894,0
36918,1
36927,1
36930,0
36950,1
36960,1
36961,0
36962,1
36972,1
36983,0.25428436886102607
36997,1
37002,1
37006,0.18883214837226
37012,0.9999997393273055
37017,0
37026,1
37027,1
37029,0
37040,1
37043,0
37050,1
37055,1
37061,1
37069,1
37084,1
37085,0.19400041728707657
37090,0.9999999999796919
37093,0.9999999945737491
37096,1
37100,0.9977284075563799
37106,0
37107,0
37114,0
37121,1
37136,0
37144,0
37152,1
37156,1
37165,1
37191,1
37211,1
37212,0.06732257647971177
37214,1
37226,1
37229,1
37243,1
37252,1
37253,0.907020499672674
37272,0.9681704996970462
37279,1
37289,0.8916973520489665
37301,1
37302,1
37322,0.1355161328937577
37327,1
37337,1
37342,1
37350,0.6386844686766161
37351,0.6088722977678899
37360,1
37363,1
37367,0.9999998270069358
37368,1
37377,1
37382,0.9988304897354607
37388,1
37389,1
37399,1
37400,1
37404,1
37421,1
37428,1
37429,0
37438,1
37450,1
37487,0.9999997915796182
37488,0.5670929049654545
37490,1
37492,0
37497,1
37498,0.9791545389728228
37501,0
37502,0
37506,0.9999615719012036
37507,1
37510,1
37517,0.03539549317302067
37523,1
37546,1
37616,1
37619,1
37631,1
37645,0
37646,1
37652,1
37658,0
37697,1
37702,1
37705,1
37714,1
37729,1
37739,1
37742,1
37744,1
37746,1
37762,1
37765,0
37780,0
37801,0.9052360875483538
37812,1
37820,0
37840,0
37841,0.9999999999999961
37859,1
37861,1
37863,1
37868,1
37874,1
37876,1
37884,1
37917,1
37924,1
37927,1
37937,1
37942,1
37957,1
37971,1
37975,1
37984,1
37985,1
37988,1
37990,1
38013,1
38016,1
38027,1
38032,0
38044,0.9999999999999978
38073,0
38090,1
38093,0
38094,1
38105,1
38106,1
38109,1
38114,0.9999933107990767
38123,1
38126,0
38131,0.9999999980491487
38135,1
38159,1
38164,1
38180,1
38181,0
38193,1
38198,1
38199,1
38214,1
38216,1
38227,0
38231,1
38235,0.964599942377328
38237,1
38252,1
38256,1
38287,1
38288,1
38296,1
38320,0.9999999342247405
38336,0.9999974905880541
38342,1
38348,1
38358,1
38362,1
38369,1
38372,1
38388,1
38394,0.9999995829252678
38395,1
38406,0
38421,0.9552136052405765
38423,1
38426,1
38430,1
38432,0
38443,1
38447,1
38486,1
38494,0
38496,1
38519,1
38538,1
38543,0.3704624445078743
38556,1
38577,1
38583,1
38584,1
38596,0
38610,1
38625,1
38644,1
38658,0.5535439031638392
38663,1
38669,1
38677,1
38679,0.9999999999999971
38687,0.07834962719051172
38703,1
38706,1
38711,1
38750,1
38751,1
38769,0.9999999999756377
38812,1
38820,1
38836,1
38856,1
38861,1
38871,1
38872,0.43045377595616835
38877,1
38884,1
38886,1
38891,1
38888,1
38906,1
38925,1
38928,0.0002497001571889764
38939,1
38941,1
38956,1
38960,0.0003799845147518595
38969,0.05546188566738995
38972,1
38985,0
38987,0.9999999999554763
38988,1
39021,1
39022,1
39033,1
39036,1
39041,1
39053,1
39055,0
39058,0.9999999314018813
39059,0
39070,1
39096,1
39099,1
39113,0.9999999999853267
39115,0
39128,1
39139,1
39143,1
39153,1
39161,1
39162,1
39193,0
39194,1
39207,1
39210,1
39213,0
39238,1
39246,0
39248,1
39249,1
39255,1
39258,1
39270,1
39272,1
39287,1
39290,0
39293,0.9999999998453722
39294,0
39298,1
39313,1
39329,0
39338,1
39341,0
39351,1
39363,0
39366,1
39372,0
39374,0
39389,1
39400,1
39412,1
39414,1
39427,1
39444,1
39451,1
39455,1
39466,1
39467,1
39470,1
39473,1
39474,1
39486,1
39489,1
39511,1
39543,0
39554,1
39555,0.9999999985181893
39593,0
39594,0
39597,1
39605,1
39608,1
39623,1
39632,0
39634,1
39644,0.0006389788694998236
39652,1
39672,1
39674,0
39691,0
39694,0.9999993259763745
39697,1
39707,0
39710,1
39719,0
39722,0.0003204619917804291
39735,1
39741,1
39746,1
39754,0.9999996227500567
39760,1
39762,1
39767,0.9999151889582764
39769,1
39783,1
39797,0
39800,1
39801,1
39805,1
39814,0.9999999999999988
39818,1
39822,1
39831,1
39847,0.9995842455934278
39848,1
39851,0.9999999999996783
39869,0.9262183533975347
39872,1
39886,1
39891,1
39900,1
39906,0.045002099405943186
39911,1
39923,0
39927,0.9868746816909642
39944,0
39961,1
39963,1
39970,0.9999867303121333
39977,0.00043205581138043
39987,1
39997,1
39999,1
40009,1
40021,1
40032,1
40050,1
40058,0
40066,1
40080,1
40094,1
40098,1
40104,0
40110,1
40117,1
40120,0
40124,1
40126,0.9999970976880155
40137,1
40149,1
40152,0
40153,1
40163,1
40168,1
40175,1
40184,0
40198,1
40210,1
40212,1
40226,0
40228,1
40236,1
40249,0
40257,0
40295,1
40307,0
40309,1
40311,1
40318,1
40319,0
40339,1
40341,0
40358,1
40359,1
40366,1
40367,1
40381,0
40393,1
40386,1
40404,0
40407,1
40413,1
40418,1
40421,1
40436,0
40445,1
40447,1
40449,0.9999999999994311
40467,1
40468,1
40474,0.9989094696563189
40475,0.9994357552818045
40477,0.9999999999999994
40480,0
40483,1
40489,0
40500,1
40506,0.0006887109140732553
40510,1
40516,0.92956028163821
40541,0.5781341502784693
40559,0
40562,1
40569,1
40575,0.9998892631662653
40587,0.000186853253090662
40592,0.00046104668977359247
40595,0.0016561488207892158
40632,1
40633,0.9990920299464392
40637,0.13646103734168344
40654,1
40661,0.9999999999421398
40665,1
40678,1
40686,1
40690,0
40697,1
40710,1
40716,1
40728,1
40754,0.0010426084152387928
40764,0.9999926551095115
40741,1
40788,0.9999999994013327
40801,0.02215733149716294
40805,1
40809,1
40813,1
40818,1
40830,0.18923325363949642
40833,1
40841,0.9371945325146057
40854,0.10812866678274524
40862,1
40865,1
40873,0
40888,1
40898,1
40904,1
40908,1
40913,1
40922,0
40928,1
40934,1
40936,1
40937,1
40943,1
40945,1
40955,1
40962,1
40969,1
40989,1
40993,1
40998,1
41005,1
41015,1
41027,1
41038,1
41050,1
41053,0
41056,0
41059,1
41070,0
41083,1
41085,1
41094,1
41097,0
41100,1
41106,1
41116,0.6738847491214985
41122,0.009375189213487156
41124,0.9475785722052575
41127,1
41154,1
41157,1
41158,1
41166,0.9468170091235856
41176,1
41179,1
41182,1
41185,1
41197,1
41199,1
41205,0.9999999031400868
41209,0.10339486407642332
41216,1
41236,1
41259,1
41267,1
41278,1
41285,1
41289,0
41291,1
41297,1
41298,1
41316,1
41324,0
41327,0.9999999999725868
41328,1
41334,1
41336,1
41337,0.008017477766807219
41344,1
41353,1
41364,0.4436346712661732
41367,1
41370,0
41383,1
41407,1
41412,1
41413,1
41414,0
41432,1
41445,1
41459,1
41461,1
41547,1
41548,0.9925812600858855
41566,0.2850305729615271
41568,1
41573,0
41575,1
41577,1
41586,0.002146300240630767
41588,0
41592,0
41596,1
41608,1
41614,1
41615,1
41622,1
41623,1
41633,0.7378317668612958
41654,0
41694,1
41701,0
41708,0
41716,1
41720,0
41745,1
41763,0
41776,0.2693189727544248
41781,1
41788,1
41795,1
41800,0.11491211456406888
41801,1
41812,1
41814,0.9999999999989633
41816,0
41818,0.9985650867624037
41823,0.3629097927223518
41828,1
41833,1
41902,1
41917,1
41925,1
41931,1
41932,1
41935,1
41944,0.9999999999999997
41962,1
41971,1
41972,0.9143014905316229
41988,0
41991,1
41992,1
41993,0
41994,0
42001,0.23972023398389258
42010,1
42011,1
42023,0
42035,1
42039,1
42049,0
42064,1
42068,1
42071,0.006879270296885052
42075,1
42095,1
42108,1
42113,1
42133,1
42140,1
42142,0.5988717167940981
42161,1
42167,0.9114315216282377
42168,0.2631020063600187
42182,1
42200,0
42201,1
42225,1
42232,1
42241,0
42253,1
42270,1
42271,1
42287,1
42295,1
42305,0.9999999999898648
42320,0.0015086899128950813
42321,0
42326,0.208794529507547
42343,1
42352,1
42377,1
42381,1
42388,1
42389,1
42396,0.9999999993070061
42405,1
42414,0.9719414614365616
42427,1
42430,1
42451,1
42454,1
42460,0
42461,1
42470,1
42475,1
42476,0.002759342136497348
42489,0.8502338358768193
42490,0.6885049090255982
42491,1
42498,1
42503,1
42515,1
42520,1
42521,1
42530,0
42547,1
42550,0.02331653152423288
42582,0
42590,1
42595,0.18934570972687945
42597,1
42600,0.0005794835019020107
42603,0.7029892958909741
42615,0
42622,1
42624,1
42626,1
42628,0.9999999989916999
42630,0
42659,0
42665,1
42666,1
42670,0.15507011530080606
42673,1
42678,0
42692,0.9129874604586861
42693,0.775314929887145
42698,0.9060877126931883
42722,1
42744,0
42751,1
42760,0.9999999999151383
42766,0.5405288575935837
42784,1
42788,1
42791,0.701111529338574
42799,0
42807,0.1714907688107085
42821,1
42829,1
42838,1
42848,0
42853,1
42855,1
42856,0
42865,0
42871,1
42874,1
42878,0.9370437115838142
42885,1
42896,0.1518019189089557
42902,0.16728934890872235
42946,1
42955,1
42959,1
42960,0
42961,1
42990,1
42992,1
43004,1
43026,0
43028,1
43035,1
43043,1
43061,1
43076,0.9914317260712496
43079,1
43080,1
43082,1
43097,1
43110,1
43113,0
43122,1
43131,0.9754332704388647
43132,0.404921521827295
43140,1
43142,1
43144,1
43152,0.003288150343045042
43160,0.9985918921731926
43161,0.0014423708255492543
43164,1
43169,0
43171,0.00025470893637351917
43177,0.9208140895285479
43187,0.7063794251909709
43210,1
43212,0
43241,0.178243706829051
43242,1
43246,0.060723407822072
43250,1
43255,1
43260,0
43261,0
43267,1
43284,1
43296,1
43298,1
43299,0.9999999999998039
43304,1
43305,1
43310,1
43316,0.13011494515758723
43332,0.9997270659178579
43344,0
43345,0
43355,1
43368,1
43387,1
43406,1
43415,0
43442,1
43443,1
43447,0.9980440042136445
43452,1
43480,1
43497,1
43498,0.08771070139030694
43511,1
43513,0.9913586114322326
43535,1
43536,1
43540,1
43542,0.9880827201832837
43562,1
43604,0.008628506973804398
43605,0.8944838254742634
43626,0.9999996032690665
43627,0
43677,1
43679,1
43705,1
43707,1
43717,1
43723,0.6847942735715996
43725,0
43730,0.7712874545275095
43745,0.9999762257748013
43747,1
43750,1
43759,1
43763,0
43783,1
43785,0.9999928614964043
43789,1
43790,1
43794,1
43811,1
43819,1
43835,0.7655131262862339
43839,1
43860,1
43864,1
43873,1
43887,1
43900,1
43918,1
43933,1
43941,1
43951,1
43952,1
43958,1
43975,0
43993,1
43996,1
44004,1
44011,1
44016,1
44022,1
44025,1
44030,1
44031,1
44038,1
44045,1
44053,1
44056,1
44068,1
44077,0
44080,1
44082,1
44094,1
44104,1
44129,0.9999978174184734
44156,1
44150,1
44158,1
44164,1
44174,0.9946245813622258
44179,1
44184,0.9999999999995743
44209,1
44228,1
44279,1
44280,1
44284,1
44302,1
44303,1
44312,1
44314,0.2430360143968688
44315,0.9417076693412965
44347,1
44378,1
44379,1
44397,1
44398,1
44411,1
44436,1
44468,1
44470,0.5597136508713682
44478,1
44489,1
44492,1
44495,1
44498,1
44507,1
44520,1
44523,0.052156489206715846
44517,1
44526,1
44537,0
44560,1
44563,1
44572,1
44577,1
44593,1
44597,1
44611,1
44623,0.7487290682968436
44630,1
44634,1
44636,0
44660,1
44661,1
44669,1
44685,1
44688,1
44689,0
44691,1
44711,0.9999999999999869
44715,1
44716,1
44728,1
44732,1
44748,0
44753,1
44776,1
44786,1
44800,0.006767941179682193
44801,1
44815,1
44823,0.9999975144162614
44827,0
44835,0.21558390322787496
44852,1
44867,1
44879,1
44887,1
44891,0.7889436225710901
44897,1
44898,1
44899,1
44900,1
44905,1
44912,1
44917,1
44920,1
44930,1
44934,1
44936,1
44939,1
44948,1
44949,1
44951,1
44957,1
44962,1
44975,1
44978,0
44985,1
44992,0
44998,1
45007,1
45010,1
45014,1
45019,1
45040,1
45045,1
45049,1
45073,1
45080,1
45081,1
45083,1
45109,1
45113,1
45124,1
45131,1
45142,1
45158,1
45161,1
45170,1
45171,1
45180,1
45188,1
45196,1
45201,1
45208,1
45211,1
45212,1
45216,1
45217,1
45218,1
45224,1
45225,1
45240,1
45245,1
45272,1
45279,1
45287,1
45289,0.006089991390198285
45299,1
45303,1
45325,1
45336,1
45338,0.815351147541063
45348,0
45358,1
45361,1
45369,1
45374,0
45375,1
45382,0
45388,1
45393,1
45394,1
45399,1
45402,1
45420,0
45423,1
45427,0
45435,0
45450,1
45455,1
45460,1
45471,1
45487,1
45494,1
45504,1
45525,0.9991246415868228
45533,0.9598896015338862
45543,0
45545,1
45548,1
45550,1
45569,1
45587,1
45597,1
45609,0.7032570619331663
45611,1
45612,1
45624,1
45625,0.0007239963127164812
45629,0.42293159357923904
45634,1
45647,1
45653,0.9999996463649379
45662,1
45667,1
45703,1
45712,1
45718,0.49711117739601446
45723,0.9999999988343652
45730,1
45731,0.9999999997196549
45737,0.9950833762683249
45746,1
45763,0.9999999970393256
45779,0
45788,1
45801,1
45808,1
45815,1
45818,1
45838,0.9999999904045554
45849,1
45855,1
45870,1
45894,1
45904,1
45905,1
45906,1
45912,1
45918,1
45930,0.001860589033532758
45931,1
45933,0.002624623639465944
45937,1
45947,1
45951,1
45975,1
45996,1
46004,1
46009,0
46010,0.9387514283856454
46067,1
46070,1
46073,0.9999993524188145
46076,1
46077,1
46081,0
46085,1
46086,1
46094,0.7483817216079047
46095,0.9999999999648008
46108,1
46113,1
46119,0
46132,1
46134,1
46148,1
46158,1
46164,1
46182,1
46191,1
46195,1
46222,0
46225,1
46238,1
46248,1
46250,1
46264,0.9973448285609673
46270,0.9999999945355371
46278,1
46284,1
46294,0.9999999999999667
46300,1
46304,1
46312,0
46327,1
46335,1
46340,1
46345,1
46346,0
46348,1
46372,1
46375,0
46391,1
46397,1
46413,1
46414,1
46417,1
46421,1
46431,1
46453,1
46456,0.9999999999983497
46463,1
46482,1
46483,1
46492,0.9999999999995657
46498,1
46503,1
46517,1
46529,1
46533,1
46541,1
46550,1
46555,1
46557,1
46560,0.6060689208653184
46568,1
46574,0
46577,1
46588,1
46610,1
46613,1
46627,1
46635,1
46645,1
46652,1
46656,0.021232012554220508
46660,0.012832646050295363
46687,1
46688,1
46699,1
46702,1
46705,0
46711,1
46723,0.16315184825321383
46724,1
46725,0.021562525670029437
46726,0.9202680666586042
46735,0.9999999725253167
46754,0.0015029964751116847
46757,1
46778,0.9999434314041398
46780,0.6439407505275743
46783,1
46784,1
46785,1
46786,0.28141129206384297
46800,1
46806,1
46814,1
46821,1
46841,1
46868,1
46883,0
46886,0
46921,0
46945,1
46946,1
46949,0.9999999840690171
46951,1
46968,1
46974,0.9492240243173728
46975,1
46984,0
46990,0
46993,1
47028,1
47029,0.44602120357064295
47041,0.637552115233668
47049,1
47065,1
47067,1
47081,0.8675555439113853
47095,1
47097,1
47099,1
47106,1
47109,1
47114,1
47142,0
47152,1
47163,0.9998757292439439
47166,1
47172,1
47198,1
47217,1
47220,1
47226,0
47244,1
47250,1
47254,0.8698959075916967
47270,0
47274,1
47276,1
47284,1
47294,1
47300,1
47312,1
47318,0.9979645382663661
47322,1
47335,0.49158036437553543
47354,1
47359,1
47367,1
47372,1
47380,0.6914183699410666
47402,0.026866219958790218
47405,0
47411,0
47420,1
47429,1
47432,1
47435,1
47441,1
47459,1
47460,1
47473,0.00017863677653934203
47476,0.056787149882087044
47477,0.008662945163131907
47494,0.4917608450341964
47497,0.9997142202869242
47503,1
47518,1
47519,0
47520,0.34432038192971237
47522,1
47531,0.0002411138968167183
47532,1
47536,1
47537,0.5662018572659214
47541,1
47547,1
47566,1
47577,1
47584,1
47603,1
47605,1
47621,1
47626,0.21257409734104923
47646,1
47647,0.9904819344733118
47663,1
47664,1
47672,1
47682,1
47685,1
47692,1
47700,1
47703,1
47704,1
47729,1
47745,1
47751,1
47755,1
47767,1
47759,1
47773,1
47782,1
47784,1
47785,1
47786,1
47788,1
47804,1
47813,1
47825,1
47834,1
47836,1
47841,1
47847,1
47859,1
47860,1
47886,1
47888,1
47896,1
47899,1
47902,0
47905,0
47907,1
47913,1
47918,1
47921,1
47933,0
47934,0
47940,1
47953,1
47954,0.9999993746789414
47955,1
47956,0.0004954344329613732
47958,0
47961,1
47970,1
47979,1
47987,1
47993,1
47995,0
48024,0
48026,0
48034,1
48050,1
48052,1
48053,1
48056,1
48061,0
48070,0
48088,0.02908438864539428
48089,0
48091,1
48126,1
48138,0
48141,1
48143,1
48151,0
48161,1
48170,0.9999999289620444
48171,1
48210,0.9984685382929966
48212,1
48218,1
48237,1
48242,1
48276,1
48304,1
48338,0
48342,1
48343,1
48351,0
48352,1
48361,1
48364,1
48390,1
48398,1
48402,0
48403,1
48408,1
48419,0.4712816444307487
48424,1
48430,1
48432,1
48448,0
48458,1
48461,0.9999999999995856
48466,0
48468,1
48477,0
48488,1
48501,1
48510,0
48513,0.00010621952303778713
48518,1
48531,0
48537,1
48540,0.008450862485881637
48549,1
48551,1
48559,1
48561,1
48580,1
48581,0
48584,0
48591,1
48594,1
48598,1
48599,0
48610,0
48621,1
48627,0
48634,1
48642,1
48647,0
48671,1
48674,0
48680,1
48705,1
48706,1
48712,0
48718,0
48720,1
48725,0.9882815670220765
48731,0.10258922974324111
48732,0.9999999999997843
48734,1
48736,1
48737,0.9015301339653308
48739,0.9999999999725868
48747,1
48750,1
48752,1
48760,1
48773,1
48783,0
48803,0
48804,1
48852,0
48854,1
48856,1
48881,1
48901,1
48903,1
48922,1
48926,1
48928,1
48930,1
48942,0
48963,1
48973,0
48979,1
48985,1
48991,0
48994,0
48995,1
49007,0.22860012247282985
49016,1
49021,1
49032,1
49048,1
49060,0.9912073033617136
49070,1
49073,1
49078,1
49097,0.9999999997386081
49104,1
49122,1
49138,1
49158,1
49166,1
49177,1
49185,1
49190,1
49192,0.3640818725674719
49194,1
49223,1
49230,1
49232,0
49236,1
49240,0
49242,1
49243,1
49259,1
49261,1
49269,1
49270,0
49281,1
49290,1
49307,1
49333,0
49351,1
49354,1
49355,0
49361,1
49366,1
49372,1
49385,0
49390,1
49394,0
49420,1
49421,0
49436,1
49442,1
49492,0
49502,1
49506,0
49507,1
49519,1
49520,1
49522,1
49525,0
49539,0.45617126511148876
49546,0.9999999711283475
49552,1
49559,1
49572,0.8843907008103643
49583,1
49584,1
49590,0.9991477945640445
49592,1
49602,1
49612,1
49628,0
49638,1
49660,1
49665,1
49676,0
49677,1
49708,1
49709,0
49714,1
49721,1
49723,0
49729,1
49744,1
49769,1
49771,0
49782,1
49793,0
49795,1
49796,0.999999912794643
49797,1
49798,1
49819,1
49821,1
49824,1
49830,1
49831,1
49833,1
49846,1
49847,1
49875,0
49887,1
49899,0
49902,0
49913,1
49926,0
49929,0
49936,1
49941,1
49942,1
49944,0
49953,1
49986,0
50000,1
50014,1
50020,1
50022,1
50024,1
50027,0
50031,1
50056,1
50060,1
50075,0
50093,0
50094,0
50097,1
50101,0
50109,1
50120,1
50134,0
50183,1
50212,1
50216,0
50228,1
50241,1
50255,0.9760594180033177
50276,1
50285,1
50307,0
50313,0
50322,0
50335,1
50336,1
50343,1
50349,0
50371,1
50381,1
50383,0.9999969641012109
50388,0
