149800,1
149807,1
149810,1
149817,1
149799,1
149819,1
149820,1
149829,1
149840,1
149850,1
149844,1
149862,1
149852,1
149870,1
149880,1
149890,1
149893,1
149896,1
149905,1
149907,0
149909,1
149913,1
149916,1
149919,1
149930,1
149976,1
149983,1
149984,1
149987,1
150006,1
150011,1
150017,1
150023,1
150024,1
150045,1
150052,0
150055,1
150056,0.0022611499925692855
150067,1
150094,1
150097,1
150103,1
150139,1
150165,0.9918792482846585
150170,0.991549352649354
150180,1
150197,1
150198,1
150202,1
150205,1
150209,1
150222,1
150230,0.7398351430490704
150231,0.6441585552804802
150238,1
150242,0.9999995178451382
150262,1
150265,0.9690894677959102
150266,1
150273,1
150293,1
150326,1
150331,1
150341,0.9999999999999948
150344,0.8364217068723702
150348,0.6594864671601889
150366,1
150368,1
150371,1
150373,1
150386,1
150393,1
150394,1
150403,0.7519729866510699
150431,1
150434,1
150439,0.3225806282603042
150445,1
150448,1
150470,1
150488,1
150505,1
150508,1
150511,1
150523,1
150537,1
150540,1
150541,1
150547,1
150559,1
150572,1
150575,0.3765483304006355
150583,0.039258702437662475
150586,1
150594,1
150600,1
150605,1
150635,1
150645,1
150650,1
150652,1
150653,1
150655,1
150669,0.8634875372215102
150679,1
150685,1
150689,1
150725,1
150727,0
150729,1
150731,1
150739,1
150745,1
150749,0.9999593063034975
150750,0.6859696555069584
150770,0.9553781565716132
150802,0.657699109697907
150806,1
150825,0.10812866679759675
150827,1
150830,1
150832,1
150834,1
150843,1
150858,1
150871,1
150886,1
150888,1
150889,1
150893,1
150895,1
150899,1
150904,1
150915,1
150922,1
150935,0.9588409928625583
150943,1
150944,0.08042419322827513
150950,1
150954,1
150955,1
150964,1
151003,0.999943441661252
151004,1
151007,1
151012,1
151025,1
151035,1
151052,1
151060,1
151065,1
151076,1
151085,1
151100,1
151102,1
151113,1
151119,0.09112296101485645
151120,1
151131,1
151133,1
151143,1
151165,1
151168,1
151183,1
151187,1
151230,0.956505059136071
151231,1
151239,1
151250,1
151251,1
151253,1
151266,1
151278,0
151303,1
151325,1
151363,1
151369,0.9487137682217677
151393,1
151401,1
151418,1
151419,1
151426,1
151440,1
151469,0.5711633959068764
151473,0.45655363288617057
151485,1
151492,1
151493,1
151500,1
151505,1
151511,1
151564,1
151582,1
151604,1
151611,1
151615,1
151619,0.00014885537233675386
151620,1
151622,0.7036112163802152
151631,1
151636,1
151638,0
151647,1
151660,1
151661,1
151669,1
151676,1
151681,1
151686,1
151689,1
151696,1
151709,1
151718,1
151722,0.9999999999999999
151723,1
151727,1
151730,1
151732,1
151736,1
151744,1
151758,0
151760,0.9308739097491497
151783,1
151784,1
151785,1
151788,1
151792,1
151794,1
151801,1
151815,0.9999999999993806
151827,1
151843,1
151849,1
151857,0
151859,1
151861,1
151875,1
151879,0.99999999998966
151883,1
151886,0
151891,0
151897,1
151901,1
151906,1
151927,1
151932,1
151941,1
151943,1
151949,1
151947,1
151954,1
151962,1
151965,1
151967,1
151968,1
151980,1
151981,1
151995,0.999999998433424
152039,1
152040,0.9873228849830227
152061,1
152065,1
152055,1
152082,1
152089,1
152104,1
152105,1
152124,1
152126,1
152147,1
152161,1
152141,1
152162,0.7642828030106339
152166,1
152184,1
152186,1
152192,0.22228502096496358
152200,0.7156153050818097
152202,1
152205,1
152208,1
152212,1
152213,1
152226,1
152234,0.38284489884271744
152240,1
152241,1
152244,1
152246,1
152257,0.9998889034713063
152263,1
152266,1
152269,0.0002259434143682815
152276,1
152279,0
152280,0
152281,1
152289,1
152303,0
152319,1
152320,1
152321,1
152322,1
152336,1
152342,1
152344,1
152352,1
152396,1
152414,1
152415,1
152419,1
152428,1
152432,1
152434,1
152441,1
152451,1
152453,1
152468,1
152469,1
152488,1
152497,1
152504,1
152528,1
152535,0.8839466671117333
152563,1
152564,1
152566,1
152572,1
152575,1
152583,1
152584,0.9580951273796912
152591,1
152592,0.9999999752638482
152595,1
152606,1
152617,0.011658537436474561
152619,0.14763124827987797
152625,1
152629,0.0026251202566777935
152636,1
152648,1
152665,0.0027869962190433272
152672,1
152678,1
152680,1
152688,1
152689,1
152693,1
152695,1
152697,0.5513215408241151
152715,0
152721,1
152726,1
152765,0.9466611983638343
152772,1
152782,1
152793,1
152795,0.9999999999999986
152802,0.583402141284076
152820,0.9397906160270478
152827,1
152831,1
152849,1
152875,1
152877,1
152879,1
152883,1
152885,1
152888,1
152892,1
152893,1
152912,0.6770283234201447
152917,0
152937,1
152942,1
152951,1
152954,1
152956,1
152957,1
152961,1
152963,1
152968,0.999999999898909
152970,1
152974,1
152981,1
152991,1
153001,1
153003,0.016089878876048007
153010,1
153027,1
153031,1
153037,1
153042,1
153048,1
153049,1
153067,1
153080,1
153101,0.10669616763235211
153108,1
153117,1
153127,1
153134,1
153146,1
153147,1
153153,1
153164,1
153166,1
153169,0.5913131821949082
153171,1
153177,1
153191,1
153198,1
153199,1
153214,1
153218,1
153245,1
153251,1
153262,1
153277,1
153286,1
153288,1
153305,1
153297,1
153329,1
153342,1
153357,1
153358,1
153363,1
153364,1
153390,1
153407,1
153410,1
153414,1
153422,1
153466,1
153467,1
153477,1
153480,1
153482,1
153500,0
153503,1
153514,1
153523,1
153534,1
153535,1
153536,1
153543,1
153547,1
153548,1
153555,1
153559,1
153562,1
153566,1
153592,1
153597,1
153598,1
153620,1
153639,0
153644,1
153656,1
153657,1
153667,1
153681,1
153686,1
153709,1
153711,1
153725,1
153734,1
153736,1
153753,0.9626256498703456
153754,1
153755,0.9329670784174744
153758,1
153784,1
153797,0.014344923015760902
153804,1
153814,1
153822,1
153852,1
153858,1
153871,1
153881,1
153894,1
153921,1
153951,1
153958,1
153959,1
153977,1
153982,1
154009,1
154020,1
154029,0.999999999938991
154041,0.9975580344862186
154053,0
154058,0.9999999999687904
154062,1
154064,1
154072,1
154077,0.999999998394772
154082,1
154088,1
154111,1
154122,1
154128,1
154137,1
154143,1
154144,1
154153,1
154169,1
154177,1
154180,1
154185,1
154189,1
154187,1
154211,1
154231,0.9654637470299993
154238,0.7282592162026454
154244,1
154250,1
154253,1
154260,1
154262,1
154266,0.9961609336569637
154267,0.99999983127577
154275,1
154280,1
154292,1
154296,0
154311,1
154325,1
154340,1
154346,1
154349,0.005911068856243757
154350,1
154358,0.9966817699232746
154374,0
154383,0.9999185141830936
154385,1
154393,1
154427,1
154435,1
154440,1
154459,1
154466,1
154469,0
154472,1
154477,1
154485,1
154515,1
154517,1
154520,1
154521,1
154528,1
154533,1
154535,0
154556,0.9999999999999992
154565,1
154566,0
154601,1
154603,1
154604,1
154610,1
154613,1
154627,0
154640,1
154641,1
154657,1
154658,1
154666,1
154669,1
154681,0.9994893779215765
154690,1
154699,1
154704,1
154727,1
154747,1
154755,1
154760,1
154791,1
154793,1
154804,1
154811,1
154812,1
154813,0
154827,1
154830,0.9999762997201188
154832,1
154833,0.9727436052660542
154866,0
154868,1
154870,0.9999999998734014
154883,0
154898,1
154899,1
154903,0
154905,0.9979422083897003
154920,1
154925,1
154937,1
154941,1
154960,1
155002,1
155009,1
155014,1
155018,0.9941033387029676
155032,1
155034,1
155037,0
155048,1
155071,1
155076,1
155082,1
155083,1
155086,0.009871402539042383
155088,1
155095,1
155099,0.9999673454809099
155104,1
155116,1
155125,1
155136,0
155145,1
155157,1
155164,1
155183,1
155184,1
155191,1
155222,0.999998291774168
155232,1
155251,0.0006438254527530456
155255,0
155297,1
155305,1
155314,1
155340,1
155350,1
155363,1
155364,1
155370,1
155374,1
155378,1
155398,1
155400,1
155403,0
155408,1
155423,1
155437,1
155451,1
155457,0.0002933661011816566
155461,1
155464,1
155476,1
155478,1
155485,0
155487,1
155508,1
155534,1
155535,1
155540,0.9998643550494803
155541,1
155545,1
155556,0.9998752817479545
155558,1
155562,1
155568,1
155573,0.9999994198624593
155574,1
155581,1
155583,1
155588,1
155590,0.977437598488626
155594,1
155603,0.9999999999998684
155605,1
155630,1
155634,1
155635,1
155647,1
155648,0
155655,0
155664,1
155666,1
155672,1
155682,1
155689,1
155698,1
155710,1
155711,1
155713,1
155724,1
155727,1
155735,1
155738,1
155739,1
155743,1
155747,1
155755,1
155760,1
155785,1
155786,1
155798,1
155810,0.9999999992028673
155818,1
155833,1
155834,1
155858,1
155869,0
155875,1
155880,0
155881,1
155888,1
155893,0
155904,1
155906,1
155917,1
155918,1
155920,1
155938,0
155945,1
155948,1
155965,1
155984,1
155999,0
156008,1
156017,0
156022,1
156035,1
156044,1
156050,1
156051,1
156054,1
156056,0.8823630078749242
156060,0.09903055489668308
156065,1
156068,1
156069,0.053574561013734937
156071,1
156072,1
156079,1
156082,1
156099,1
156102,1
156106,1
156111,0.9992909428137925
156121,0
156126,1
156131,1
156135,1
156136,1
156168,0
156172,0.9148743867146272
156173,1
156179,0
156191,1
156199,1
156217,0.9999999878992696
156232,1
156248,1
156264,1
156265,1
156267,1
156273,1
156275,1
156287,1
156299,1
156304,1
156320,1
156327,1
156335,1
156337,1
156340,0.3383782715066988
156363,1
156364,0.9999999999819681
156388,1
156391,1
156395,1
156398,1
156412,1
156415,1
156418,1
156430,1
156432,1
156442,1
156455,1
156496,0
156525,1
156541,1
156546,1
156554,1
156470,1
156583,1
156492,1
156582,1
156494,1
156623,1
156596,1
156603,1
156633,1
156634,1
156641,1
156643,0.9999999999999999
156644,1
156591,1
156653,1
156667,1
156677,1
156680,1
156681,0
156685,1
156694,1
156697,1
156705,1
156710,1
156727,1
156729,0
156731,1
156733,0.0034019457029172873
156737,1
156748,1
156750,1
156755,1
156760,1
156768,0
156771,1
156773,1
156783,1
156785,1
156788,1
156832,1
156833,1
156848,1
156854,1
156883,1
156886,1
156897,1
156914,1
156917,1
156932,1
156934,1
156935,1
156939,1
156947,1
156960,1
156992,1
157008,0.9777610917383143
157023,1
157042,1
157049,1
157050,1
157066,1
157068,1
157069,1
157099,0.3067380387379333
157115,1
157117,1
157124,1
157125,1
157127,0.7658164034137447
157163,1
157164,1
157174,1
157191,1
157192,1
157193,1
157206,1
157210,1
157212,1
157216,1
157226,1
157231,1
157233,0.10403080075432937
157243,1
157251,1
157254,1
157258,0.1759277195203209
157262,1
157294,0.4199637849453188
157302,0
157304,0
157317,1
157319,0.3570642650471334
157328,1
157336,1
157339,1
157350,1
157354,1
157358,1
157362,0.5991569396139056
157363,0.9999999999999999
157368,1
157371,0.3147598047805428
157378,1
157381,1
157402,1
157408,0.56395536885765
157421,1
157436,0.6206936086940456
157457,1
157458,1
157464,1
157498,0.6153030238269658
157531,0.16487062785625534
157532,1
157534,1
157535,0
157538,1
157548,1
157549,0.8944500418238148
157555,1
157558,1
157568,1
157571,1
157572,0.5190898881158186
157576,1
157583,1
157607,1
157616,1
157619,1
157622,1
157623,1
157626,1
157629,1
157649,1
157658,0.4038169303763031
157662,0.8583729138419529
157664,1
157667,1
157677,1
157678,1
157680,1
157683,1
157685,1
157689,1
157695,1
157696,0.9978066987370279
157698,1
157705,1
157721,1
157724,1
157725,1
157758,1
157759,1
157761,1
157764,1
157767,0
157776,1
157788,1
157792,1
157793,1
157796,1
157809,1
157810,1
157812,1
157830,1
157831,1
157833,1
157838,1
157871,1
157872,1
157914,1
157917,1
157951,1
157959,1
157961,1
157964,1
157974,1
157986,1
157991,1
157994,1
158011,1
158037,1
158047,1
158053,1
158062,1
158071,1
158072,1
158082,1
158103,1
158107,1
158108,1
158117,1
158153,0.9964476342987325
158154,1
158165,1
158174,1
158184,1
158192,1
158194,1
158199,1
158207,1
158218,0.8896253013982823
158225,1
158227,0.6296219180969118
158231,0.9307657091690192
158240,0.8436844165985701
158243,0.9999997767570683
158247,1
158250,1
158251,0.9832356473321585
158253,1
158257,0.6671192733629614
158278,1
158282,1
158285,1
158290,0.9543189293851053
158300,0.9567277877193145
158308,1
158312,1
158321,1
158329,1
158333,1
158339,1
158356,1
158366,0
158367,1
158368,1
158374,1
158386,1
158395,1
158416,1
158426,1
158429,1
158442,1
158446,1
158459,1
158462,1
158466,1
158477,1
158482,1
158486,1
158495,1
158499,1
158502,1
158504,1
158521,1
158522,1
158542,1
158555,1
158558,1
158563,1
158567,1
158571,1
158577,1
158581,1
158598,1
158602,0.9999999865595902
158608,1
158609,1
158627,1
158639,1
158642,1
158643,1
158647,1
158653,0.9994688846120257
158660,1
158662,1
158674,1
158680,1
158682,1
158690,1
158694,1
158700,1
158708,1
158716,0
158723,1
158740,1
158753,1
158755,1
158763,1
158766,1
158781,1
158795,1
158827,1
158834,1
158843,1
158849,1
158870,1
158875,1
158884,0.5676350511926863
158886,1
158893,1
158914,1
158917,1
158920,1
158935,1
158944,1
158947,0.3810721452084938
158951,1
158972,1
158974,1
158986,1
159000,1
159001,1
159008,1
159011,1
159019,1
159043,0.7289998009307883
159047,1
159050,1
159062,1
159065,1
159075,1
159083,1
159098,1
159112,1
159123,1
159126,0.5342026698798757
159127,0.6262864533282202
159129,1
159143,1
159152,1
159170,1
159187,1
159192,1
159219,1
159226,1
159230,1
159231,1
159258,1
159263,1
159295,1
159296,1
159299,1
159308,0.6788510080636356
159314,1
159327,1
159331,0.7008971129608673
159341,1
159345,1
159357,1
159358,1
159370,1
159376,1
159378,1
159396,1
159403,1
159421,1
159428,1
159435,1
159437,1
159439,1
159460,1
159483,1
159484,1
159502,1
159503,1
159504,1
159517,1
159525,1
159534,1
159554,1
159563,1
159565,1
159576,1
159580,1
159581,1
159593,1
159602,1
159606,1
159610,1
159618,1
159626,0.9999999999999931
159637,1
159639,1
159644,1
159652,0.9965830010603427
159683,1
159688,1
159699,1
159721,1
159724,1
159732,0.7462660372744565
159733,1
159734,1
159738,1
159742,1
159745,1
159754,1
159766,0.7865801718089294
159776,0.6154227661095224
159780,0.6596417978952227
159789,1
159790,1
159854,0.9998916894349533
159872,1
159886,1
159931,1
159941,1
159946,1
159963,1
159977,1
159989,1
159991,1
160000,1
160001,1
160012,1
160014,1
160037,1
160050,1
160053,1
160061,1
160070,1
160078,1
160090,1
160095,1
160099,1
160100,1
160108,1
160115,0.6018452684164787
160129,1
160133,1
160149,1
160157,0.9999951186209457
160159,1
160160,0.9829964727150434
160164,0.8522626977208357
160184,1
160202,1
160219,1
160224,1
160226,0.9999999994840443
160242,1
160245,1
160247,1
160265,1
160281,1
160284,1
160288,1
160305,0
160312,0
160337,1
160341,1
160349,0.999941892226161
160354,1
160361,1
160365,1
160368,1
160376,1
160385,1
160392,0.9645472510178211
160396,0.41582849574696673
160401,0.9968771582836324
160415,0
160431,1
160432,1
160436,0
160439,1
160448,1
160453,1
160461,1
160474,0.9835227382060598
160476,1
160489,1
160490,1
160526,1
160529,1
160535,1
160537,1
160538,1
160545,1
160554,1
160555,1
160566,1
160569,1
160602,0.9848214963826495
160604,1
160606,1
160610,1
160632,1
160633,1
160635,1
160640,1
160702,1
160722,1
160740,1
160745,1
160746,1
160752,1
160758,1
160762,1
160767,1
160781,0.998931073217521
160785,1
160791,1
160798,0.9820853277966308
160799,1
160810,1
160818,1
160828,1
160832,0.7832097817216435
160839,1
160840,1
160854,1
160860,1
160876,1
160900,1
160913,0
160919,1
160923,0
160926,0.10937717554701909
160929,1
160930,1
160934,1
160935,1
160939,1
160943,1
160957,1
160958,1
160962,1
160978,1
160981,1
160987,1
160995,0
160997,1
160999,0
161020,1
161022,1
161044,1
161047,1
161055,1
161060,1
161069,1
161072,1
161088,0.07834852798255475
161111,1
161112,1
161115,0
161117,1
161123,1
161130,1
161143,1
161157,1
161189,1
161190,1
161197,1
161200,1
161201,0.026467851559460444
161206,1
161214,0.9999456493699554
161215,1
161233,0.9999990339023936
161235,1
161246,1
161262,1
161266,1
161282,1
161287,1
161289,1
161297,1
161304,0
161307,1
161311,1
161313,1
161318,1
161325,0.9999999999999992
161338,1
161343,1
161352,1
161355,1
161356,0.9999997767586472
161363,1
161365,1
161379,0.9999999641886176
161385,1
161396,1
161398,1
161402,1
161440,1
161443,1
161447,0.9999999805418536
161452,1
161457,1
161462,1
161475,1
161477,1
161478,1
161496,0
161513,1
161516,0
161536,1
161549,1
161555,1
161563,0
161590,1
161596,1
161602,1
161608,1
161612,0
161629,1
161661,1
161676,1
161679,1
161686,0.4115113592771539
161692,0.9999935871223461
161697,1
161698,1
161700,1
161706,1
161713,1
161727,1
161734,1
161737,1
161758,1
161763,0.00150557088415471
161770,1
161773,1
161774,1
161775,1
161777,0.9993008988737154
161786,1
161787,1
161826,1
161830,0.15532304185906354
161834,0.6457311440503817
161859,0.014168393402756505
161874,0.31465910745404213
161879,1
161889,0.299226090553998
161892,1
161896,1
161903,1
161906,1
161912,1
161930,1
161948,1
161956,1
162002,1
162006,0.9042051443041186
162010,1
162014,1
162031,0.9999999999994196
162035,1
162036,1
162040,0
162060,1
162062,1
162063,1
162067,0.9999999999543492
162077,1
162108,1
162112,1
162113,1
162115,0.7223906531930302
162116,1
162118,1
162128,1
162159,1
162163,1
162166,1
162170,1
162172,1
162186,1
162188,1
162189,1
162193,1
162196,0.9999996868297528
162199,1
162217,1
162226,1
162230,1
162231,1
162242,1
162247,0.0739661956114552
162262,1
162266,1
162268,0.0004270651808599815
162272,0.9999999952961331
162276,0
162280,1
162290,0.05274338784347111
162292,0.9999999999932737
162293,0.009621485535760876
162313,1
162332,1
162335,0
162344,1
162361,1
162359,1
162365,1
162388,1
162399,1
162404,1
162411,0.5889053680122958
162419,1
162426,1
162461,1
162465,1
162490,1
162493,1
162496,1
162503,1
162527,1
162537,1
162587,1
162589,1
162594,1
162595,1
162602,1
162611,1
162615,1
162626,1
162629,1
162633,1
162636,1
162640,1
162646,1
162685,1
162690,1
162696,1
162697,1
162707,1
162712,1
162718,1
162719,1
162725,1
162726,1
162734,1
162735,1
162753,1
162757,1
162794,1
162818,1
162825,1
162830,1
162836,1
162842,0.5109365999462344
162866,0.7339224953099791
162868,0.9999539785529492
162875,0.47568795197496805
162884,1
162888,1
162908,1
162912,1
162915,1
162921,1
162925,1
162930,0.7907859752433394
162943,1
162960,1
162969,1
162981,1
162982,1
162988,1
163013,1
163021,1
163043,1
163047,1
163051,0.86931340845252
163052,1
163053,0.015858777351785595
163054,1
163064,1
163071,1
163083,1
163085,1
163088,1
163104,1
163118,1
163119,1
163128,1
163134,1
163139,1
163142,1
163158,1
163163,1
163169,1
163177,1
163179,1
163182,0.9964843793026809
163184,1
163193,1
163194,1
163218,1
163220,1
163224,1
163243,1
163252,1
163254,1
163269,1
163277,1
163282,1
163284,1
163288,1
163291,1
163307,0.5907843243976767
163292,1
163323,1
163306,1
163300,1
163325,1
163327,0.653629254407845
163357,1
163315,0.25443806140306896
163361,1
163368,0.5025602633650166
163385,0.5572478546518873
163393,1
163397,1
163417,1
163420,1
163421,0.9999950691784009
163424,0
163426,1
163440,1
163466,1
163484,1
163496,1
163509,1
163514,0.7343790123240359
163519,1
163533,1
163535,1
163537,1
163569,0
163576,0
163579,1
163582,0
163583,0
163590,0.999999999999911
163593,1
163595,1
163601,1
163603,1
163613,1
163615,1
163635,1
163638,1
163639,1
163647,1
163648,1
163650,1
163654,1
163655,1
163663,1
163674,1
163684,0.9999999999992658
163702,1
163712,1
163714,1
163722,1
163742,1
163749,1
163775,1
163785,1
163791,1
163796,1
163798,1
163802,1
163805,1
163812,1
163822,1
163837,0.5450869680358914
163841,1
163845,1
163851,1
163854,0.008662943788046837
163859,1
163862,1
163863,1
163886,1
163902,1
163904,1
163911,1
163916,1
163919,1
163920,0.9999706926153576
163925,1
163929,1
163932,1
163935,1
163938,1
163959,1
163984,1
163986,1
163990,1
164000,1
164005,1
164007,0.9999993089133971
164023,1
164028,0
164030,1
164033,1
164043,1
164056,1
164073,1
164075,1
164078,1
164088,0.0018872312343991753
164110,0.8309242399869555
164111,1
164123,1
164128,1
164136,1
164146,1
164148,1
164154,1
164162,1
164172,1
164192,1
164199,1
164204,1
164212,1
164228,1
164238,1
164243,1
164257,1
164259,1
164272,1
164280,1
164291,1
164293,0.4765428709024545
164294,1
164297,0.3737329792972331
164318,1
164321,0.011221729392442708
164350,1
164353,1
164358,1
164368,1
164372,1
164375,1
164381,1
164406,1
164412,1
164413,1
164418,1
164419,0.44275214540144436
164420,0.4452207648927853
164433,1
164434,1
164436,1
164455,1
164457,1
164471,1
164472,1
164478,1
164485,1
164489,1
164491,1
164496,1
164497,1
164505,1
164513,1
164518,1
164529,1
164542,1
164555,0.8042773339550938
164558,1
164560,1
164565,1
164581,1
164586,1
164592,1
164599,1
164601,1
164602,1
164614,1
164629,1
164645,1
164652,1
164672,1
164710,1
164721,1
164729,1
164741,1
164744,1
164753,1
164758,0.9815607816994268
164759,1
164773,1
164775,1
164794,1
164797,1
164800,1
164805,1
164811,1
164817,1
164822,1
164833,1
164851,1
164862,1
164877,1
164882,1
164902,1
164905,1
164911,1
164913,1
164921,1
164930,0
164933,1
164935,1
164941,1
164945,1
164955,1
164962,1
164978,1
164983,1
164987,1
164988,1
164993,0.46320958322961875
165000,1
165012,1
165013,1
165016,0.051367860678105594
165023,1
165025,1
165035,1
165038,0.9995022924146871
165041,1
165055,1
165066,1
165068,0
165075,0.9999999999977386
165079,1
165083,1
165084,0
165085,1
165086,1
165098,1
165109,1
165116,1
165124,1
165129,1
165132,1
165140,1
165152,1
165182,1
165194,1
165199,0.9999999999999997
165201,1
165206,1
165208,1
165215,1
165216,1
165231,1
165259,1
165274,1
165275,1
165287,1
165304,1
165319,1
165333,1
165340,1
165371,1
165374,0.0700678057303458
165376,1
165379,1
165383,1
165412,0
165417,1
165432,1
165445,1
165451,1
165455,1
165457,1
165469,1
165473,1
165481,0.9999999999998813
165491,1
165505,0
165509,1
165525,1
165527,1
165532,1
165545,1
165549,1
165569,0.9999999992233312
165596,1
165603,1
165606,1
165616,0
165621,1
165624,1
165625,1
165634,1
165638,1
165663,1
165673,1
165681,0.9999711969364575
165686,1
165688,1
165699,1
165707,1
165708,1
165751,1
165752,1
165757,0.07517799912470902
165768,1
165769,1
165785,1
165807,1
165814,1
165835,1
165854,1
165864,1
165866,1
165873,1
165877,1
165888,1
165928,1
165943,1
165949,1
165951,1
165956,1
165961,1
165969,1
165974,1
165975,1
165982,1
165987,1
166003,1
166021,1
166022,0.8034369287813696
166035,1
166038,1
166071,1
166087,1
166098,1
166102,1
166105,1
166115,1
166116,1
166117,1
166128,1
166144,1
166169,1
166172,1
166173,1
166176,1
166178,1
166180,1
166181,1
166184,1
166185,1
166191,1
166197,1
166201,1
166208,1
166212,1
166221,1
166226,1
166235,1
166238,1
166240,1
166245,1
166255,1
166259,1
166279,1
166302,0
166304,1
166321,1
166323,1
166348,1
166363,1
166372,0.4235649193624876
166387,1
166388,1
166404,1
166421,1
166429,1
166436,1
166440,1
166450,0.5465732555610524
166463,1
166464,1
166471,0.8775418432212923
166474,1
166486,1
166488,0.9999999999999742
166491,1
166503,1
166508,1
166521,1
166523,1
166532,1
166533,1
166540,1
166550,1
166556,1
166572,1
166590,0.00023871643607193172
166595,1
166616,1
166623,1
166624,1
166630,1
166641,0.7308514894703599
166642,1
166653,1
166665,1
166675,1
166691,1
166692,1
166694,0.33544054333686857
166715,0
166717,1
166728,1
166739,1
166755,0.06122616281990913
166756,1
166781,1
166794,1
166814,1
166818,0
166858,1
166872,1
166878,1
166901,1
166912,1
166914,1
166922,1
166925,1
166928,1
166940,0.999999997038277
166958,1
166981,1
166991,1
167005,1
167010,1
167015,1
167016,1
167022,1
167026,1
167032,1
167033,1
167044,0
167059,1
167064,1
167067,1
167087,1
167093,1
167095,1
167107,1
167110,0.9999997953310115
167128,1
167122,1
167133,1
167159,1
167160,1
167161,1
167162,1
167183,1
167200,1
167209,1
167220,1
167222,1
167225,1
167258,1
167259,1
167263,1
167269,1
167286,1
167295,1
167305,1
167312,1
167315,1
167336,1
167350,1
167352,1
167360,1
167364,1
167366,1
167369,1
167373,1
167386,1
167397,1
167416,1
167419,0
167428,1
167430,1
167431,1
167436,1
167437,1
167440,1
167456,1
167459,1
167470,1
167483,1
167484,1
167485,1
167495,1
167496,1
167500,1
167506,1
167526,1
167534,1
167544,1
167548,1
167553,1
167555,1
167558,1
167563,1
167564,1
167565,1
167573,1
167589,0
167592,1
167605,1
167612,1
167613,1
167622,1
167628,0.23533523122251096
167636,1
167647,0.9980416594063729
167660,1
167675,1
167680,1
167697,0.9753980660371023
167702,1
167713,1
167720,1
167737,1
167750,1
167752,1
167755,1
167761,1
167769,1
167777,1
167781,1
167784,1
167787,1
167788,1
167793,1
167794,1
167802,1
167803,1
167804,1
167828,1
167833,1
167839,1
167846,1
167859,1
167879,1
167886,1
167887,1
167888,1
167898,1
167900,1
167908,1
167918,1
167920,1
167924,0.4415388067156367
167929,1
167940,1
167943,1
167956,1
167957,1
167961,1
167975,0.6644853405466319
167981,1
167987,1
168004,1
168009,1
168010,1
168012,1
168018,1
168030,1
168040,1
168063,1
168064,1
168069,1
168070,0.20417485077158504
168073,1
168074,1
168080,1
168083,1
168084,1
168085,1
168094,1
168105,1
168107,1
168108,1
168111,1
168115,1
168141,1
168150,1
168152,0
168155,1
168160,1
168163,1
168171,1
168177,1
168181,1
168184,1
168189,0.10502892881986498
168194,0
168201,1
168205,0.2753470204540072
168210,1
168213,1
168225,1
168229,1
168231,1
168256,1
168258,1
168264,1
168273,1
168277,1
168298,1
168301,1
168302,0.6476207182285217
168310,1
168324,1
168330,1
168331,1
168332,1
168333,1
168334,1
168342,1
168354,1
168355,1
168365,0.2523151884567301
168374,1
168382,1
168390,1
168391,1
168396,1
168404,0.19578536865986032
168423,0.3251380709294636
168429,1
168440,1
168439,0.2980139777893509
168449,1
168452,1
168455,1
168466,1
168470,1
168486,1
168497,1
168513,1
168527,0.7946214690295521
168528,1
168549,1
168542,0.0006805568623977003
168558,1
168576,1
168586,1
168587,1
168593,1
168603,0.7092405297797915
168606,1
168610,0.17580959785349928
168624,1
168628,1
168644,1
168647,1
168655,1
168702,1
168703,1
168716,0.9770518006089789
168726,1
168731,1
168733,1
168734,1
168735,1
168748,0.9992748704437254
168749,0.5810186399894244
168754,1
168759,1
168769,0.16871043293226257
168772,0.4902431452706357
168793,1
168797,1
168819,1
168828,1
168853,1
168856,1
168868,1
168871,1
168875,0.759531352870691
168884,0.5688576038316961
168899,1
168901,1
168906,1
168910,1
168912,1
168942,1
168943,1
168951,0
168984,1
169007,0
169024,1
169038,1
169047,1
169062,0
169067,1
169096,1
169110,1
169113,1
169120,1
169122,1
169126,1
169133,1
169145,0.6889465057397034
169178,1
169183,1
169188,1
169222,1
169223,1
169229,1
169230,1
169245,1
169250,1
169278,1
169284,1
169285,1
169299,1
169304,1
169314,1
169319,1
169333,1
169341,0
169343,1
169346,1
169348,1
169354,1
169361,1
169380,0.761622240816574
169383,1
169393,0
169410,1
169419,1
169425,1
169432,1
169436,1
169449,1
169450,1
169453,1
169469,1
169470,1
169484,1
169486,1
169490,1
169496,1
169497,1
169521,1
169553,1
169578,1
169580,1
169611,0
169612,1
169617,1
169618,1
169627,1
169660,1
169630,1
169663,0
169667,0
169679,1
169690,1
169691,1
169698,1
169702,1
169710,1
169716,1
169731,1
169736,1
169738,0
169763,1
169773,1
169776,1
169780,1
169785,1
169794,1
169799,0.9999019563772693
169803,1
169806,1
169832,1
169840,1
169844,1
169865,1
169875,1
169880,1
169883,1
169886,1
169894,1
169901,1
169904,1
169909,1
169921,1
169929,1
169931,0.9999999520815294
169938,0.14868345231624566
169939,1
169948,1
169956,1
169958,1
169960,0
169983,0.999999103709176
169991,1
169992,1
170004,1
170025,0
170035,1
170042,1
170044,1
170050,0.9999999990116656
170052,0.9999999999183186
170055,1
170062,1
170063,1
170064,1
170067,0.9999993746790153
170074,1
170084,1
170089,1
170108,1
170124,1
170164,1
170173,1
170187,1
170203,1
170245,0.012009235782045359
170247,1
170253,0
170263,1
170269,1
170273,1
170291,1
170296,1
170306,0
170340,0.019937772872624132
170345,1
170347,1
170348,1
170350,1
170359,1
170360,1
170366,1
170371,1
170397,1
170398,1
170406,1
170414,1
170438,1
170450,1
170467,0.05786695527636111
170469,1
170470,1
170478,1
170480,0.40374255457681446
170481,1
170482,0.31320123442094355
170484,1
170494,1
170512,1
170518,1
170519,0.629610323936979
170521,1
170538,1
170554,1
170559,1
170564,1
170569,1
170579,1
170593,1
170605,1
170617,1
170643,1
170663,0.9465966702001759
170707,1
170714,1
170716,1
170722,0.7394137183353477
170743,0.7802685669251622
170746,1
170751,1
170759,1
170775,1
170784,1
170792,1
170803,1
170809,1
170812,1
170836,1
170847,1
170866,0.6726099833618836
170867,1
170878,1
170879,1
170880,1
170906,1
170921,1
170925,1
170930,1
170936,1
170943,0.8935301259745378
170948,1
170956,1
170961,1
170968,1
170983,0.9999999600245387
170984,1
170985,1
170986,1
170987,1
170991,1
170994,1
170997,1
171004,1
171017,1
171020,0
171021,1
171022,1
171024,1
171032,1
171044,1
171054,0.0035757493886312878
171055,1
171062,1
171065,1
171068,1
171091,0.794945863702228
171104,1
171114,0.4767345642107388
171119,1
171123,0
171130,0.6325245633770471
171132,0.05598807906182167
171133,1
171134,0.9999999999999998
171135,1
171137,1
171151,1
171155,0.22398374669186433
171158,0.7289055708968908
171170,1
171173,1
171189,1
171192,1
171206,1
171194,1
171207,1
171216,0.7480949802094643
171247,1
171250,0.5245356554025691
171258,1
171263,1
171266,1
171271,1
171272,0.25256097978130526
171286,1
171295,1
171303,1
171307,1
171338,1
171339,1
171355,1
171373,1
171384,1
171409,0.7955497184135787
171417,1
171418,1
171424,1
171433,0.5834714212540978
171435,0.6407819301650513
171440,0.6056729084968737
171436,1
171444,1
171483,1
171491,1
171501,1
171504,1
171508,1
171515,1
171546,1
171548,1
171552,1
171562,1
171563,0.8257803117806132
171566,1
171569,1
171573,1
171576,1
171578,1
171579,1
171590,0.9876905235255754
171591,1
171603,1
171613,1
171616,1
171629,0.1923208215786845
171640,1
171659,1
171672,1
171696,0.9815688701124309
171706,1
171710,1
171714,1
171720,1
171724,1
171733,1
171743,1
171752,1
171769,1
171770,1
171783,1
171791,1
171804,0.00014995879973274458
171811,1
171812,1
171813,1
171820,1
171824,1
171826,1
171852,1
171870,1
171883,1
171887,1
171889,0
171911,1
171932,1
171934,0.6487783608267861
171936,0.7932468441442996
171940,1
171951,1
171961,1
171962,1
171974,1
171986,1
171992,1
172005,1
172014,1
172034,1
172037,1
172041,0.8219310226735312
172046,1
172051,1
172052,1
172059,1
172068,1
172071,1
172074,1
172085,0.8006008767396827
172098,1
172100,1
172104,1
172107,1
172120,1
172123,1
172137,1
172142,1
172145,1
172147,1
172158,1
172174,1
172175,1
172177,1
172181,1
172201,1
172218,1
172237,1
172244,1
172250,1
172251,1
172254,1
172268,1
172283,1
172288,1
172291,1
172294,1
172305,1
172306,0.9999094936886799
172309,1
172324,1
172331,0.7635107898766563
172342,1
172347,1
172349,0
172356,0.9999999973144095
172361,0.912947178800331
172374,0
172370,1
172377,1
172387,1
172415,0.9999405740807201
172416,0.146788539420304
172419,0
172428,1
172438,1
172445,1
172450,1
172462,0.9190325781178706
172466,1
172467,1
172474,1
172480,1
172508,1
172515,1
172517,1
172532,1
172533,0.9999999999999533
172540,1
172542,1
172545,1
172566,0.6428264330757054
172576,0.8095979727451973
172591,1
172616,0.5981944679465357
172629,0.777387884896707
172632,0.000906460448616399
172650,1
172664,1
172678,1
172695,0.9999319365747873
172696,1
172715,1
172726,0
172728,1
172739,1
172748,1
172750,0
172761,0
172765,0.5482611071428254
172786,0.6213612300265225
172805,1
172809,1
172830,1
172837,1
172848,1
172866,1
172871,1
172881,1
172882,0.8534053785042589
172895,1
172896,1
172903,1
172907,1
172913,1
172914,1
172919,1
172925,1
172940,1
172946,1
172947,1
172948,1
172955,1
172965,1
172971,1
172989,1
173004,0.7573730979178092
173031,1
173038,1
173067,0.6097089491673542
173086,1
173099,1
173103,1
173106,1
173110,1
173114,1
173120,0
173133,1
173142,1
173167,0.9972740158206421
173183,1
173184,1
173185,0.9999999964492918
173186,1
173197,1
173203,0.5510712693073453
173209,1
173223,1
173224,1
173228,1
173236,1
173276,1
173279,1
173283,1
173297,1
173306,0.999410394146211
173309,1
173313,1
173314,1
173342,1
173349,1
173351,1
173377,1
173383,1
173389,0.9999999992492886
173399,0.7388500061761504
173401,1
173404,0
173431,1
173434,0
173436,1
173453,1
173454,1
173459,1
173476,1
173485,1
173492,0.21393455629217079
173494,1
173501,0.36983992109918906
173504,1
173505,1
173522,1
173542,1
173545,1
173549,1
173554,1
173556,1
173559,1
173565,1
173567,1
173571,1
173579,1
173582,1
173594,1
173599,1
173600,1
173601,1
173603,1
173609,1
173611,1
173620,1
173636,1
173642,1
173644,1
173656,1
173726,1
173736,1
173744,1
173747,1
173761,1
173767,1
173770,1
173771,0.23550372385308335
173777,1
173780,1
173794,0.9444749629180795
173807,1
173829,1
173832,0.9999999883737459
173833,1
173844,1
173846,1
173849,1
173851,1
173856,1
173862,1
173883,1
173904,1
173925,1
173936,1
173950,1
173954,1
173965,1
173968,1
173977,0.999999999999989
173995,1
173998,1
174004,1
174009,1
174015,1
174020,1
174028,0.009424667164216673
174054,1
174056,1
174070,0.669478844346072
174080,1
174092,1
174108,1
174112,1
174113,1
174114,1
174115,1
174130,1
174131,1
174133,1
174140,1
174148,1
174189,1
174202,1
174213,1
174243,1
174247,1
174254,1
174259,1
174260,1
174272,1
174282,1
174296,0.9999108409909454
174332,1
174333,1
174334,1
174337,0.8791242131553596
174342,1
174355,1
174360,1
174378,1
174394,1
174395,1
174410,1
174420,1
174424,1
174425,0
174431,1
174434,1
174462,1
174475,1
174487,0
174495,0.9742218050390641
174496,1
174497,1
174515,0.3221816788460873
174524,1
174537,1
174542,1
174554,1
174571,1
174574,1
174594,1
174601,1
174606,1
174610,1
174615,1
174633,1
174637,1
174639,1
174640,1
174652,1
174675,1
174721,1
174743,1
174749,0
174755,1
174781,1
174786,1
174787,0.9999999751402728
174796,1
174799,1
174809,1
174819,1
174822,1
174824,1
174836,0.9990278290671385
174845,1
174847,1
174850,1
174858,1
174887,1
174896,1
174897,1
174918,1
174940,1
174955,1
174956,1
174960,0.5257316428728505
174973,1
174976,1
174978,1
174986,1
175000,1
175001,1
175004,1
175006,1
175010,1
175019,0.9999999999999476
175032,1
175034,1
175036,1
175038,1
175048,1
175051,1
175052,1
175053,1
175061,1
175065,1
175066,1
175072,1
175080,1
175087,0.9999999999997699
175088,1
175089,1
175092,0.9935678915330811
175111,1
175125,1
175129,0.9999994198624349
175138,1
175154,1
175167,1
175173,1
175197,1
175203,1
175211,0.000776451208271218
175223,0.0011931077516092643
175234,1
175239,0
175252,1
175268,1
175274,0
175287,1
175288,0.9999999990692217
175292,1
175302,1
175305,1
175315,1
175319,1
175325,1
175341,1
175369,1
175386,1
175399,1
175409,1
175418,1
175420,1
175426,1
175449,0.9468488636868628
175469,1
175477,1
175479,1
175487,1
175494,1
175496,1
175499,1
175524,1
175542,1
175543,1
175549,1
175554,1
175567,1
175571,0.9999986893683107
175591,1
175604,1
175606,1
175607,1
175611,1
175622,1
175658,1
175659,1
175660,1
175666,1
175667,1
175678,1
175706,1
175732,1
175748,1
175763,1
175772,1
175781,1
175788,1
175826,1
175831,0.9999989690203142
175841,1
175849,1
175856,1
175865,1
175867,1
175871,1
175872,1
175877,1
175880,1
175884,1
175892,1
175908,1
175910,1
175916,1
175923,1
175927,1
175952,1
175953,1
175966,1
175977,1
175985,1
175995,1
176009,1
176016,1
176019,1
176024,1
176033,0.6037147711307674
176035,1
176056,1
176069,0.5124026226571492
176082,0.9221144634467596
176086,1
176087,0.6005126717887612
176118,1
176129,1
176144,1
176147,1
176150,1
176153,0.6619661285566575
176154,0
176157,1
176161,1
176163,1
176164,1
176170,1
176179,1
176185,1
176193,1
176189,1
176196,1
176199,0.9913370585451773
176206,1
176217,1
176219,1
176224,1
176233,1
176238,1
176240,1
176241,1
176255,1
176274,0.6467993925675648
176276,1
176289,0
176290,1
176296,1
176309,1
176311,0.8143122686305392
176314,1
176316,0.5136854122525522
176318,1
176325,0.446991684420365
176330,1
176344,1
176346,1
176361,1
176370,1
176373,1
176374,1
176395,1
176405,1
176423,1
176425,0.9308501186697219
176431,1
176439,1
176449,1
176456,1
176461,1
176472,1
176491,1
176493,1
176497,1
176510,1
176522,1
176531,1
176537,1
176559,0.6039654008137951
176566,1
176569,0
176574,1
176580,1
176598,1
176619,1
176623,0.9999999999997131
176630,1
176659,1
176666,1
176670,1
176673,1
176681,1
176687,1
176693,1
176703,1
176712,1
176722,1
176730,1
176742,1
176763,1
176767,1
176771,1
176772,1
176787,0.9999988081468484
176793,1
176798,1
176810,1
176811,1
176820,1
176830,1
176839,1
176849,1
176859,1
176871,0.8669637091853472
176878,1
176883,1
176897,1
176915,0
176918,1
176954,1
176962,1
176964,1
176973,1
176979,1
177004,1
177009,1
176984,1
176983,1
177011,1
176987,1
177023,1
177024,1
177032,1
177035,0.8522406675368049
177037,0
177042,1
177055,0.3012605417103966
177057,1
177068,1
177080,1
177099,1
177103,1
177109,1
177116,1
177122,1
177132,0.7874126933259569
177136,1
177139,1
177179,1
177222,1
177228,1
177229,1
177257,1
177240,1
177263,1
177271,0.9792931455521263
177278,1
177285,1
177291,1
177300,1
177302,1
177303,1
177314,0.04188995098431776
177318,1
177327,0.6329167925013237
177330,1
177333,1
177343,1
177345,1
177363,1
177379,0.9994874289331056
177404,1
177424,1
177431,0.9999503271319732
177445,1
177449,1
177454,1
177456,0
177480,1
177492,1
177496,0.9999804985471138
177504,1
177533,1
177536,1
177559,1
177565,1
177586,1
177600,1
177625,1
177644,1
177648,1
177650,1
177658,1
177663,1
177677,0.8684380133384711
177680,1
177684,1
177693,0.9996861618591113
177710,1
177716,1
177741,1
177749,1
177763,1
177771,1
177800,1
177803,1
177804,1
177807,1
177819,1
177825,1
177829,1
177831,1
177840,1
177852,1
177873,1
177861,1
177875,1
177881,1
177885,1
177900,1
177901,1
177907,1
177916,1
177923,1
177951,1
177957,1
177971,1
177985,1
177990,1
177993,1
178013,0.9962425070549236
178028,1
178034,1
178043,1
178049,1
178055,1
178057,1
178058,0.9999999999999999
178063,1
178078,1
178105,1
178129,1
178133,1
178139,1
178141,1
178147,1
178148,1
178155,1
178162,1
178168,1
178169,1
178170,1
178172,1
178181,1
178191,0.9999999600245387
178198,1
178200,1
178228,1
178254,1
178258,1
178267,0.8563162208862029
178273,0.97327069415592
178280,0.8762122983775259
178286,0.9999414165827485
178293,1
178294,0.7450208660643264
178305,1
178313,1
178321,1
178334,1
178340,0.9999999999994255
178358,1
178376,1
178393,1
178400,0.6239489791807862
178406,1
178407,0.8742603542661238
178410,1
178423,1
178439,1
178440,0.21826026519843333
178445,0.6379211535358663
178458,1
178482,1
178520,1
178527,0.5264768562189599
178532,0.5189222845400412
178543,1
178557,1
178568,1
178583,1
178584,1
178587,1
178597,1
178614,1
178632,1
178641,1
178650,1
178655,1
178668,1
178680,1
178689,1
178721,1
178731,1
178738,1
178742,1
178744,1
178747,1
178757,1
178760,1
178773,1
178778,1
178779,1
178781,1
178784,1
178792,1
178794,0.20947863691642188
178810,1
178812,0.4623410644871043
178818,1
178821,1
178824,1
178828,1
178831,1
178852,1
178855,1
178874,1
178886,1
178941,1
178963,1
178964,1
178965,1
178971,1
178974,1
178978,1
178990,1
178991,1
178993,1
179002,1
179011,1
179014,1
179018,1
179026,1
179035,1
179038,1
179043,1
179063,1
179072,1
179074,1
179077,1
179087,1
179098,1
179114,1
179133,0
179163,0.7957596980576669
179187,0.9751564558671683
179189,1
179192,0.9715294293487825
179193,1
179194,1
179195,1
179215,1
179233,1
179253,1
179256,1
179276,1
179281,1
179282,1
179293,1
179300,1
179303,1
179309,1
179320,1
179322,0.9998425757098479
179345,1
179357,1
179364,1
179366,1
179369,1
179382,1
179401,1
179410,1
179417,1
179418,1
179426,1
179429,0.05705387224762731
179432,1
179434,1
179438,1
179449,1
179450,1
179457,1
179459,1
179460,1
179466,1
179472,1
179473,1
179496,0.4616153276761734
179506,1
179510,1
179516,1
179518,1
179521,1
179537,1
179545,0.8294373203656166
179548,1
179554,0.9972130727559645
179555,0.9999004747851418
179556,1
179562,1
179578,1
179589,0.9999999812116747
179603,1
179611,1
179616,1
179619,1
179627,1
179629,1
179633,1
179657,0
179665,1
179666,1
179668,1
179677,1
179684,1
179690,1
179694,1
179707,1
179730,1
179738,0.9999999999999999
179739,1
179740,1
179754,1
179760,1
179761,1
179762,1
179770,0
179791,0.15182722075522212
179798,0.5721614508050377
179801,1
179825,0.9999999999998787
179843,1
179853,1
179876,0.9939563733178884
179866,1
179885,1
179898,1
179905,1
179913,1
179914,1
179926,1
179938,1
179949,1
179952,1
179966,1
179972,0.7320839474397541
179974,1
179976,1
179982,1
179996,1
180006,0.03561580229424168
180010,1
180036,1
180041,1
180044,1
180067,1
180070,0.9821019808159881
180076,1
180095,1
180107,1
180128,1
180130,1
180132,1
180144,0.7516127358405891
180146,0.739153497231787
180147,1
180152,1
180156,1
180165,0.6435487500832784
180182,1
180187,0.9999974000323094
180191,1
180196,1
180199,1
180206,1
180209,1
180227,1
180232,1
180246,0.6732671550082577
180254,1
180258,0.6279463484927402
180262,1
180271,1
180277,1
180284,0.6587329501690393
180287,1
180294,0.6686365152634588
180300,1
180307,1
180311,1
180316,1
180318,1
180322,1
180331,1
180335,1
180351,1
180353,1
180359,1
180362,1
180367,1
180398,1
180403,1
180413,1
180415,1
180423,1
180441,1
180444,1
180445,1
180448,1
180451,1
180456,1
180459,0.5398180531072146
180461,1
180467,1
180487,1
180500,1
180507,1
180510,1
180524,1
180526,1
180566,1
180567,1
180590,0.9999999999739239
180599,1
180607,1
180609,1
180617,1
180641,1
180642,1
180655,1
180693,1
180699,1
180724,1
180726,0.35207758025271346
180738,1
180752,1
180781,1
180788,1
180790,1
180793,1
180800,1
180803,1
180814,0.7628233950860495
180818,1
180823,0.9241143946525471
180838,1
180849,1
180865,1
180881,1
180889,1
180919,1
180923,1
180931,1
180932,1
180937,1
180939,1
180940,1
180975,1
180979,1
180985,1
180991,1
181017,1
181021,1
181032,1
181036,1
181038,1
181044,1
181047,1
181049,1
181061,1
181063,0.5454417317571761
181068,1
181085,1
181099,1
181113,1
181116,1
181120,1
181124,1
181136,0.008013544612635634
181138,1
181154,0.5478430654984514
181156,1
181161,1
181163,0.8216835711941707
181171,1
181187,1
181238,1
181242,1
181262,1
181266,1
181268,1
181309,0.7540387250752432
181320,1
181323,1
181338,0.9999999972037875
181341,1
181346,1
181355,1
181360,1
181372,1
181394,0.0147740316932729
181396,1
181397,0.9999999950802101
181405,1
181407,1
181415,0
181420,1
181421,1
181425,1
181444,1
181445,1
181448,1
181458,1
181471,1
181482,1
181472,1
181487,1
181488,0.04478770304978686
181490,1
181501,1
181519,1
181535,1
181538,1
181542,1
181554,1
181557,1
181562,1
181573,1
181587,1
181591,1
181594,1
181609,1
181628,1
181630,1
181668,1
181682,1
181691,1
181700,1
181734,1
181735,1
181736,1
181744,1
181746,1
181751,1
181753,1
181777,1
181783,1
181789,1
181791,1
181806,1
181807,1
181815,1
181819,1
181830,1
181833,1
181839,1
181842,0.6540095869773231
181843,1
181850,1
181853,1
181859,1
181865,1
181887,1
181890,1
181899,1
181901,1
181926,1
181931,1
181932,1
181936,1
181958,0.5882755600576062
181966,1
181971,1
181976,1
181982,1
181989,1
181990,1
182011,1
182020,1
182024,1
182028,1
182035,1
182036,1
182041,1
182051,1
182057,1
182058,1
182063,1
182081,1
182085,1
182091,1
182096,1
182100,1
182108,1
182112,1
182142,1
182167,1
182187,1
182197,1
182202,1
182206,1
182212,1
182217,1
182226,1
182235,1
182246,1
182247,0.9999999998759083
182250,1
182254,1
182260,1
182265,1
182266,1
182269,1
182272,1
182274,1
182278,1
182308,1
182310,1
182319,1
182321,1
182330,1
182333,1
182336,1
182340,1
182347,1
182354,1
182362,1
182366,1
182369,1
182374,1
182387,1
182432,1
182433,1
182440,1
182446,1
182449,1
182451,1
182455,0.8660473127800195
182459,1
182460,1
182473,1
182475,1
182480,1
182481,1
182482,1
182485,1
182513,1
182523,1
182533,1
182534,1
182541,1
182547,1
182551,1
182555,1
182562,1
182564,1
182568,1
182570,1
182581,1
182584,1
182585,1
182601,1
182605,1
182613,1
182621,1
182631,1
182642,1
182653,1
182666,1
182673,1
182676,1
182677,1
182679,1
182698,1
182700,1
182708,1
182720,0
182729,1
182731,1
182739,0.9419112157873487
182758,1
182759,0.7251087545642001
182767,1
182776,1
182784,1
182791,1
182793,1
182799,1
182810,1
182819,1
182823,1
182832,1
182837,1
182855,1
182861,1
182866,1
182870,1
182874,1
182880,1
182889,1
182890,1
182895,1
182897,1
182906,1
182913,1
182918,1
182936,1
182943,1
182950,1
182951,1
182954,1
182963,1
182966,1
182973,1
182974,1
182983,1
182986,1
183007,1
183016,0.17657015776029164
183036,1
183040,1
183042,1
183056,1
183084,1
183098,1
183105,1
183107,0.8965996718852007
183118,1
183137,0.2338377910632003
183138,1
183140,1
183142,0.9742476304896307
183145,0.13705129257668627
183157,0.07346491755548896
183159,1
183164,1
183172,0.009232992800426833
183190,1
183219,1
183220,0.5007543949600443
183226,1
183245,1
183256,1
183263,1
183270,0
183271,1
183279,1
183284,1
183292,1
183295,1
183301,1
183304,1
183322,0.0009110622334937679
183324,1
183330,1
183336,0.5864435303641341
183355,1
183359,1
183373,1
183377,0.9999999999999587
183381,0.9999998820910905
183382,1
183385,0.9702627778259675
183391,1
183394,0.694243438008413
183395,0.6772339371672582
183396,1
183425,1
183435,1
183452,1
183456,1
183462,1
183466,1
183473,1
183498,1
183501,1
183503,1
183508,1
183512,1
183516,1
183539,1
183555,1
183557,1
183576,1
183587,0
183595,1
183611,1
183616,1
183617,1
183629,1
183638,1
183662,1
183667,1
183669,1
183701,1
183708,1
183722,1
183727,1
183729,1
183739,1
183745,1
183751,1
183752,1
183776,1
183782,1
183786,0.9999999999999923
183807,1
183810,1
183823,1
183827,1
183828,1
183837,1
183841,1
183862,1
183868,1
183879,1
183903,1
183924,1
183929,1
183945,1
183948,1
183954,1
183968,1
183975,1
183984,1
183989,1
183993,0.025994932889660146
184002,1
184007,1
184037,1
184042,1
184051,1
184068,1
184071,1
184086,0.9999999999999925
184095,1
184103,1
184106,1
184107,1
184110,1
184116,1
184142,1
184166,1
184170,1
184195,1
184203,1
184209,1
184217,1
184238,1
184242,0.9999996031846415
184254,1
184258,1
184261,1
184265,1
184269,1
184286,1
184292,0.5975611154260745
184302,0.9995449373222797
184308,1
184309,0.9296955708810666
184322,1
184323,1
184324,1
184328,1
184346,1
184353,1
184362,1
184363,1
184366,1
184386,1
184401,1
184403,1
184413,1
184422,1
184435,1
184438,1
184441,1
184453,1
184459,1
184487,1
184493,1
184494,1
184499,1
184500,1
184510,0.6694725159273528
184514,1
184520,1
184524,1
184526,1
184535,1
184536,1
184541,1
184546,1
184561,1
184562,1
184563,1
184579,1
184602,1
184616,1
184621,1
184629,1
184631,1
184636,1
184638,1
184641,1
184645,1
184653,1
184673,1
184675,1
184678,1
184696,1
184697,0
184700,1
184709,0.9999972939022572
184713,1
184717,1
184718,1
184735,1
184737,0
184746,1
184748,1
184749,1
184750,1
184755,1
184757,1
184760,1
184770,0.7225672903648092
184780,1
184781,1
184823,1
184834,0.02586309638675836
184840,1
184846,1
184854,1
184871,0
184877,1
184884,1
184888,0.7349814425274038
184914,1
184916,1
184931,1
184933,1
184940,1
184961,1
184966,0.009080450252602675
184973,1
184977,1
184990,1
185010,1
185015,0.4904906597309684
185024,0.3565043242158184
185028,1
185044,1
185056,1
185064,1
185079,0.7094206334996974
185087,0.520833469716076
185100,0
185114,0.1531067390483552
185145,1
185154,1
185155,1
185156,1
185172,1
185181,1
185182,1
185184,1
185192,1
185228,1
185290,1
185292,1
185297,1
185298,1
185304,1
185314,1
185316,1
185326,1
185342,0.46042115239610704
185353,0.04816346330608354
185371,0.5745385357273708
185373,1
185378,1
185382,1
185385,1
185396,1
185398,1
185399,1
185403,1
185409,1
185410,1
185414,1
185421,1
185427,1
185431,1
185435,1
185438,0
185442,1
185469,1
185475,1
185494,1
185500,1
185542,1
185557,1
185565,1
185569,0
185571,1
185577,1
185583,1
185584,1
185585,0.2537543070511599
185590,1
185595,1
185597,1
185601,1
185604,1
185609,0.5717966003804853
185617,1
185635,0
185646,1
185652,1
185654,1
185657,1
185661,1
185669,0
185675,1
185683,1
185684,1
185700,0.9999999999999141
185712,1
185718,1
185720,1
185721,1
185723,1
185724,1
185768,1
185776,1
185778,1
185780,1
185792,1
185800,1
185801,1
185808,1
185816,1
185822,1
185827,1
185834,1
185846,1
185857,1
185858,1
185860,1
185866,1
185887,1
185893,0.7448440983552883
185903,1
185908,1
185914,1
185927,1
185928,1
185933,0.9999999592172168
185938,1
185945,1
185946,1
185948,1
185949,1
185960,1
185961,1
185967,1
185970,1
185971,1
185972,1
185976,0
185980,1
185985,1
185989,1
185991,1
186004,1
186006,1
186009,1
186023,1
186024,1
186039,0
186044,1
186060,0.042546411769046326
186064,1
186066,1
186070,1
186073,0.2650274005445067
186084,1
186087,0.053155076768780646
186090,1
186096,0.5324543086527145
186104,0.09472984657581367
186117,1
186120,1
186123,1
186124,0.5480983908749105
186134,0.9992797621798674
186136,0.49549200092224216
186145,0.9999997104680808
186146,1
186181,1
186205,1
186218,1
186219,1
186231,0
186243,1
186251,1
186258,1
186265,1
186273,1
186274,1
186285,1
186305,0.9999714874317354
186313,1
186320,1
186328,1
186335,1
186337,1
186345,0.029432302212064918
186352,1
186355,1
186368,1
186369,1
186370,1
186381,0.05776039345865892
186383,1
186386,1
186390,1
186410,1
186424,1
186440,1
186441,1
186447,1
186451,1
186481,0.6777425339057019
186482,1
186494,1
186501,1
186520,1
186531,1
186536,1
186552,1
186558,1
186561,1
186574,1
186587,1
186601,1
186612,1
186631,1
186637,1
186642,1
186643,1
186649,1
186666,1
186668,1
186677,1
186686,0.9570985296230529
186690,1
186696,1
186701,1
186704,1
186711,1
186729,1
186734,0.9064748843801416
186736,1
186741,1
186745,0.9984471316758751
186749,1
186751,1
186766,1
186767,1
186771,1
186772,1
186778,1
186799,1
186801,1
186804,1
186805,1
186811,1
186812,1
186813,1
186814,1
186822,0
186826,1
186827,1
186829,1
186831,1
186850,1
186857,1
186858,0.9137641894429015
186888,1
186890,1
186896,0.6763311728346538
186897,1
186898,0.4952252162035556
186901,1
186906,0.431104291757844
186907,0.1557373759023079
186920,1
186944,1
186969,1
186975,1
186980,1
186982,1
186988,1
186995,0.9999999157940358
187000,1
187003,1
187004,0.9999999999865226
187008,1
187009,0.999043890903417
187022,1
187026,1
187043,1
187045,1
187046,0.3310511226437648
187052,1
187065,0.8698943345578125
187077,1
187081,1
187095,1
187119,1
187121,1
187127,1
187129,1
187143,1
187146,1
187175,1
187192,1
187231,1
187234,1
187244,1
187247,1
187254,1
187266,1
187273,1
187280,1
187302,1
187303,1
187307,0.6651530879183916
187311,0.2652972552159033
187322,1
187323,1
187326,1
187331,1
187332,1
187334,1
187339,1
187357,0.7712280034202016
187372,0.627168840745624
187378,1
187390,1
187403,1
187407,1
187414,1
187418,1
187421,1
187435,0.7965719755178565
187439,1
187457,1
187468,0.43027331393633145
187474,0.6630743120513584
187480,1
187487,1
187499,1
187500,1
187517,1
187522,1
187530,1
187554,1
187555,1
187564,1
187572,1
187582,1
187589,1
187597,1
187598,1
187613,1
187620,1
187640,1
187643,1
187645,1
187651,1
187657,1
187658,1
187659,1
187660,1
187662,1
187679,1
187680,1
187681,1
187700,1
187701,1
187703,1
187706,1
187725,1
187727,0.7141703067651057
187732,1
187737,1
187744,1
187749,1
187761,1
187767,1
187769,1
187780,1
187793,1
187806,1
187809,1
187828,1
187835,1
187843,1
187853,1
187854,1
187870,1
187883,1
187896,1
187897,1
187901,1
187905,1
187913,1
187930,1
187936,1
187940,1
187952,1
187966,1
187973,1
187983,1
187994,1
188000,1
188001,1
188005,1
188033,0.8646674847172269
188046,0.4531854537400585
188055,1
188071,1
188085,1
188093,1
188095,1
188104,1
188109,1
188115,1
188119,1
188123,1
188124,1
188131,1
188135,1
188143,1
188144,1
188166,1
188177,1
188194,1
188200,1
188205,1
188216,1
188253,1
188261,0
188264,1
188268,1
188272,1
188276,1
188279,1
188284,1
188299,1
188304,1
188306,1
188309,1
188316,1
188331,1
188337,1
188344,1
188346,1
188357,1
188375,1
188395,1
188396,1
188406,1
188412,1
188418,1
188426,1
188435,1
188437,1
188439,1
188444,1
188445,1
188452,1
188455,1
188464,1
188466,0
188478,1
188480,1
188490,1
188505,1
188516,1
188527,1
188537,1
188548,1
188554,1
188559,1
188564,1
188565,1
188582,1
188607,1
188618,1
188625,0.9949136296184379
188638,1
188644,1
188658,1
188660,1
188662,1
188670,1
188685,1
188688,1
188696,1
188697,1
188717,1
188724,1
188728,1
188730,1
188736,1
188765,1
188769,1
188776,1
188789,0.664389058736662
188790,1
188826,1
188842,1
188849,1
188863,1
188864,1
188878,1
188890,1
188916,1
188940,1
188949,1
188960,1
188968,1
188974,1
188976,1
188977,0
188985,1
188990,0
188992,1
188996,0.11597917759992232
189000,1
189012,1
189018,1
189022,1
189030,1
189063,1
189067,1
189085,0
189105,1
189112,1
189113,1
189116,1
189123,1
189127,1
189137,1
189157,1
189167,1
189172,1
189173,1
189178,1
189179,1
189182,1
189183,1
189196,1
189200,1
189201,1
189226,1
189227,1
189235,1
189251,1
189256,1
189258,1
189265,1
189282,1
189289,1
189301,1
189305,1
189328,1
189329,1
189331,1
189332,1
189340,0.8400073099795324
189350,0.7935418376899669
189358,1
189360,0.00024111389494746498
189376,1
189378,1
189390,1
189409,1
189419,1
189424,1
189427,0.018505299584954563
189443,1
189449,0.9999999963710887
189458,0.9336067333680369
189466,0.9995854647393759
189479,1
189489,1
189500,1
189502,1
189506,1
189525,1
189533,1
189534,1
189538,1
189539,1
189548,1
189575,1
189580,1
189585,1
189594,0.9827594360511402
189595,1
189605,0.9999999999999689
189610,1
189618,1
189623,0.001987909659829505
189630,1
189632,1
189655,1
189663,1
189667,1
189670,1
189672,1
189677,1
189691,1
189692,0.10603803754080961
189698,1
189699,1
189706,1
189727,0.5453649736585058
189729,1
189732,1
189738,1
189741,1
189759,0.7204854769201019
189769,1
189780,0.9999362223141907
189782,0
189783,1
189785,0.999514769293252
189796,1
189804,1
189805,0.7969797486224834
189829,1
189836,1
189843,1
189844,0
189852,1
189865,1
189866,1
189874,0.027528771979492172
189881,1
189908,0.99999999999992
189915,1
189916,1
189918,1
189929,1
189947,1
189952,1
189961,1
189962,1
189973,1
189977,1
189978,1
189979,1
189982,1
189991,1
189995,1
190023,1
190046,1
190051,0.5639086170847941
190056,1
190068,1
190077,1
190092,1
190100,1
190113,0
190116,0.01045709084656842
190123,1
190125,1
190138,1
190147,1
190170,1
190177,1
190178,1
190183,1
190186,1
190204,1
190216,1
190220,1
190227,1
190233,1
190240,1
190241,1
190243,1
190250,1
190273,1
190291,1
190299,1
190300,1
190301,1
190307,0.009014018455109997
190335,1
190345,1
190365,1
190384,1
190393,0.8013349533313441
190402,1
190414,1
190417,1
190421,0.23204446522774824
190423,1
190424,1
190425,0.6266521900680154
190430,1
190439,0.7028278323561691
190452,1
190457,1
190465,1
190467,1
190479,1
190485,1
190505,1
190509,0.7233830343945571
190512,1
190533,1
190539,1
190551,1
190556,1
190559,1
190565,1
190566,1
190570,1
190586,1
190607,1
190621,1
190623,1
190625,1
190635,1
190639,1
190644,1
190655,1
190656,1
190663,1
190665,1
190674,1
190679,1
190709,1
190718,0.999999974510522
190723,1
190730,1
190735,1
190786,1
190789,1
190791,1
190796,1
190798,1
190802,0.9999999999963451
190805,1
190816,1
190820,1
190828,1
190848,1
190850,1
190863,0.6265265107367453
190868,1
190884,1
190885,1
190886,1
190898,1
190914,1
190916,1
190920,1
190921,1
190922,0.9572233233053555
190923,1
190931,1
190949,1
190957,1
190963,1
190966,1
190981,1
190985,1
191006,1
191011,0.3476455058407678
191024,1
191036,1
191038,1
191044,1
191050,0.9978286955656235
191061,1
191062,1
191066,1
191077,1
191078,1
191082,1
191090,1
191104,1
191109,1
191114,1
191131,1
191133,0
191139,1
191143,1
191144,0.020164958843038833
191152,1
191153,1
191154,1
191157,1
191165,1
191178,0.0876024312896405
191199,1
191214,1
191232,1
191233,1
191234,0.7731299100321631
191239,1
191244,1
191259,1
191264,1
191266,1
191274,1
191288,1
191296,0.9999921334893334
191300,1
191319,1
191327,1
191339,1
191343,1
191356,1
191357,1
191368,1
191375,1
191388,0.6174697315829752
191393,1
191404,1
191417,0.7747831596456455
191419,1
191425,1
191431,1
191466,1
191473,1
191491,1
191494,1
191525,1
191527,1
191531,1
191532,1
191535,0
191544,1
191545,0.999996846998678
191548,1
191552,1
191562,1
191578,0.99999934808653
191591,0.9508286424726025
191592,1
191593,1
191598,0.9994615801285952
191642,0.4545391238319516
191669,1
191672,1
191676,1
191677,1
191681,1
191694,1
191697,1
191713,1
191745,1
191765,1
191767,1
191798,1
191811,1
191812,1
191821,1
191824,1
191841,1
191871,1
191874,1
191898,1
191921,1
191954,1
191958,1
191960,1
191967,1
191970,1
191973,1
191979,0
191981,1
191992,1
191998,0.9928608726703552
192023,1
192058,1
192067,1
192069,1
192083,1
192084,1
192089,1
192090,1
192102,1
192152,1
192165,1
192172,0.3068260506741107
192186,1
192188,0.7062990099644804
192199,0.837347488272962
192200,0.7277856304888044
192205,1
192209,1
192216,1
192220,1
192233,0.9999999558696806
192237,1
192248,1
192253,1
192268,1
192290,1
192295,1
192298,1
192306,1
192307,1
192311,1
192313,1
192346,1
192349,1
192363,1
192375,1
192385,0.9821068387053453
192393,0.1372604498683219
192397,1
192399,1
192400,1
192404,1
192410,1
192450,1
192453,1
192455,1
192469,1
192470,1
192475,1
192477,1
192488,1
192490,1
192492,1
192501,1
192507,1
192509,1
192523,1
192536,1
192541,1
192548,1
192552,1
192562,1
192566,1
192572,1
192579,1
192586,0.4182640076636378
192588,1
192599,1
192610,1
192618,0.9999999317465983
192620,1
192621,1
192626,1
192627,1
192628,1
192632,1
192657,1
192660,0.622958520480769
192675,1
192677,1
192685,0.22910272653300853
192686,0.999835293699687
192688,1
192708,1
192739,1
192755,1
192760,1
192767,1
192773,1
192785,1
192797,1
192814,1
192826,1
192837,0.3961611969852416
192852,1
192889,0.6487039575621638
192953,1
192954,1
192960,1
192965,1
192976,1
192982,1
192993,1
192997,1
193024,1
193026,0.7135317112063174
193032,1
193034,1
193038,1
193048,1
193054,1
193068,1
193070,1
193074,0.8171995139874656
193078,1
193085,1
193097,1
193106,0.7813162451189491
193112,1
193120,1
193131,1
193132,1
193135,1
193147,1
193154,1
193158,1
193164,1
193167,1
193170,1
193175,1
193180,1
193205,1
193229,1
193231,1
193234,1
193249,1
193253,1
193270,0.9168171408163509
193278,0.8423660944030483
193285,1
193296,1
193299,0.5670091680690855
193307,1
193317,1
193322,1
193329,1
193333,1
193337,1
193340,1
193350,1
193376,1
193383,1
193389,1
193394,1
193397,1
193427,1
193428,1
193433,1
193447,0.9988539773021479
193462,1
193475,1
193505,1
193511,1
193522,1
193523,1
193525,1
193548,1
193550,1
193562,0.1594368004559096
193587,1
193589,1
193593,1
193595,1
193597,1
193600,1
193604,1
193611,1
193616,1
193617,1
193625,1
193635,1
193641,1
193650,1
193677,1
193680,1
193681,1
193688,1
193693,1
193695,1
193714,1
193727,1
193742,1
193762,1
193769,1
193784,1
193788,1
193794,0
193800,1
193802,1
193805,0.7673123895559513
193822,1
193835,0.0007349300743119385
193845,0.0009891767944565245
193852,1
193856,1
193870,1
193889,1
193891,0.7745287272537993
193902,1
193903,1
193905,1
193912,1
193917,1
193930,1
193937,0
193939,1
193941,1
193955,1
193959,0
193967,1
193993,1
194018,1
194021,1
194030,1
194032,1
194044,1
194048,1
194051,1
194060,1
194067,1
194070,1
194090,1
194107,1
194096,1
194108,1
194124,1
194129,1
194134,0
194151,1
194152,1
194173,1
194203,1
194210,1
194223,1
194224,1
194225,1
194235,1
194241,1
194243,1
194251,1
194252,1
194261,1
194265,1
194279,1
194286,1
194292,1
194306,1
194313,1
194341,0.9669368391453179
194346,0.9999999999999994
194347,0
194356,1
194378,1
194388,1
194414,0.9865135033811517
194426,1
194430,1
194438,1
194450,1
194459,1
194461,1
194504,1
194507,1
194515,1
194549,1
194554,1
194568,1
194578,1
194595,1
194596,1
194603,1
194619,1
194625,1
194626,1
194631,1
194633,1
194638,1
194642,1
194651,1
194657,1
194663,1
194674,0.9999999999895561
194686,1
194698,1
194725,1
194719,1
194726,1
194727,1
194729,1
194730,1
194748,1
194752,1
194774,1
194786,1
194788,1
194790,1
194792,0.9491546263449554
194801,0.8576821602632598
194808,1
194813,1
194815,1
194822,1
194825,1
194833,0.18712130621709802
194845,0.9950510718582757
194852,1
194862,1
194866,1
194867,1
194873,1
194889,1
194892,1
194918,1
194922,0.9999999999999857
194923,1
194924,1
194930,1
194932,0
194933,0.9999999999936655
194934,1
194951,1
194962,1
194967,0
194977,1
194987,1
194988,1
194992,1
195005,1
195037,1
195047,1
195049,1
195051,1
195076,1
195081,1
195095,1
195098,1
195108,1
195118,1
195137,1
195147,1
195151,1
195158,1
195163,1
195164,0.9999497772189604
195175,1
195179,1
195199,1
195209,0.0018440262888672406
195221,0.7734464805482989
195223,1
195227,1
195241,1
195249,0
195250,1
195253,1
195254,1
195255,1
195279,0.99999999999275
195288,1
195324,1
195326,0
195331,1
195339,1
195350,1
195353,1
195359,1
195368,1
195379,1
195388,1
195395,1
195397,1
195398,1
195402,1
195410,1
195421,1
195425,1
195436,1
195442,1
195453,1
195457,1
195458,1
195475,1
195489,0
195491,0.9999999832522181
195497,1
195515,0
195520,1
195522,1
195536,1
195554,1
195562,1
195573,0.5580821467264045
195576,1
195602,1
195610,1
195613,0.32759988312795185
195615,1
195616,1
195624,1
195631,1
195634,1
195645,1
195649,1
195662,1
195667,1
195671,0.9253988283424651
195688,1
195692,1
195706,1
195704,1
195708,1
195726,1
195737,1
195742,1
195745,1
195755,1
195757,1
195763,1
195774,1
195780,1
195786,1
195790,1
195793,1
195794,1
195804,1
195809,1
195817,1
195820,1
195822,1
195827,1
195834,1
195837,1
195845,1
195850,1
195851,1
195854,1
195858,1
195867,1
195869,1
195875,0.9998615915369955
195876,1
195889,1
195899,1
195903,1
195915,1
195921,1
195930,1
195932,1
195955,1
195958,1
195980,1
195984,1
195987,1
195992,1
196004,1
196005,1
196013,1
196022,1
196023,1
196025,1
196032,1
196047,1
196059,1
196068,1
196073,1
196089,1
196093,1
196095,1
196096,1
196101,1
196110,1
196114,1
196118,1
196120,1
196121,1
196142,1
196154,1
196166,1
196179,1
196182,1
196188,1
196198,1
196199,1
196203,1
196215,1
196224,1
196234,1
196238,1
196248,0.4296491049987203
196251,1
196266,1
196272,1
196274,1
196276,0.5679838726831056
196292,1
196309,1
196310,1
196329,1
196337,1
196390,1
196394,0.5098412442322139
196399,1
196403,1
196406,1
196410,1
196472,1
196476,1
196505,0.9999999999999998
196524,1
196562,1
196576,1
196581,1
196583,1
196584,1
196622,1
196636,0
196642,1
196651,0.9999999690447429
196653,1
196663,1
196665,1
196674,1
196675,1
196716,1
196736,1
196747,1
196749,1
196753,1
196757,1
196758,1
196768,1
196772,1
196783,1
196790,1
196792,1
196793,1
196800,1
196816,1
196820,1
196828,1
196829,1
196838,1
196849,1
196850,1
196857,0.9999999999997176
196859,0.32598473372191744
196865,1
196872,1
196900,1
196901,0.6629781005403276
196906,1
196918,1
196929,1
196949,1
196959,1
196960,0
196969,1
196972,1
196980,1
197000,0
197005,0
197010,1
197016,1
197022,1
197025,0
197034,1
197044,1
197060,1
197062,1
197070,1
197087,1
197103,0.08907410406475585
197104,1
197108,1
197109,1
197132,1
197136,1
197167,0.6185462028319436
197174,0.036816030901767036
197187,1
197188,1
197193,1
197201,1
197207,0.2759148338011965
197231,1
197233,1
197236,1
197245,1
197249,1
197246,1
197253,0.11144454513299931
197261,1
197268,1
197271,1
197280,0.9999999983375943
197302,1
197305,1
197309,1
197319,1
197321,1
197334,1
197335,1
197351,1
197365,1
197366,1
197376,1
197390,1
197392,1
197394,1
197415,1
197417,0.99642790758941
197422,0.9900387986599475
197434,1
197443,1
197447,1
197448,1
197469,0.994663869107473
197471,1
197483,1
197487,0.9951523683677876
197492,1
197493,1
197518,1
197525,1
197531,1
197534,0.9965122770031485
197536,1
197554,1
197557,0.5683199849822422
197560,1
197561,1
197575,1
197583,0.9999103944844697
197585,1
197588,1
197611,0
197621,0
197623,1
197638,1
197651,1
197667,1
197683,1
197684,1
197688,1
197689,1
197732,0.9393774353033167
197737,0.5714564005777268
197741,1
197766,1
197771,1
197779,1
197795,1
197813,1
197815,1
197816,1
197826,0
197827,1
197831,1
197837,1
197838,1
197847,0.9999999997587049
197849,0
197869,1
197871,1
197875,1
197878,1
197879,1
197882,0.9957976080378964
197888,1
197893,1
197895,1
197899,1
197901,1
197918,1
197926,1
197928,0.9999999997562797
197938,1
197949,1
197953,1
197956,1
197958,1
197966,1
197976,1
197989,1
197990,0.00024232294085507083
197999,1
198002,0.006151116525318307
198011,0.9999993019678661
198015,1
198020,1
198025,1
198027,1
198038,1
198042,1
198049,1
198052,1
198054,1
198061,0.9340192292828279
198088,1
198094,1
198099,1
198101,1
198108,1
198111,1
198130,0.9999990901917342
198134,1
198136,1
198146,1
198152,1
198160,1
198167,1
198173,1
198175,0.5891403217035469
198188,1
198193,1
198195,0.25768003117445576
198196,1
198199,1
198205,1
198210,1
198213,1
198230,1
198246,1
198247,1
198257,1
198263,1
198270,1
198272,1
198273,1
198285,1
198289,1
198303,1
198304,1
198307,0
198310,1
198327,0
198342,1
198343,1
198344,0.9984988979981577
198348,1
198354,1
198356,1
198364,1
198391,1
198395,1
198419,1
198424,0
198428,1
198446,1
198449,1
198462,1
198463,0.22097501531452438
198470,0
198476,1
198479,1
198482,1
198485,1
198486,1
198500,1
198504,1
198506,1
198507,0.0006970526813854577
198510,1
198529,1
198534,1
198537,1
198542,1
198547,1
198557,1
198566,1
198581,1
198584,1
198588,1
198591,0
198603,1
198625,0.15060123430684247
198626,1
198636,1
198650,1
198655,1
198676,0.9999963835109287
198698,1
198705,1
198702,0.9999999999999875
198709,1
198716,1
198734,1
198736,0.9999852614696495
198746,0.0172369740318417
198762,1
198764,1
198782,0.12346766138611479
198790,1
198792,0
198808,1
198820,0.6853079225285345
198821,1
198838,1
198854,1
198856,1
198866,1
198870,1
198873,1
198877,1
198885,1
198891,1
198892,1
198920,1
198921,1
198928,1
198935,1
198936,1
198941,0.9999993890075868
198943,1
198945,1
198953,1
198955,1
198959,0.9956468285240674
198986,1
198991,1
198993,1
199002,1
199012,1
199013,1
199016,1
199044,1
199046,1
199049,1
199057,1
199074,1
199085,1
199103,1
199111,1
199119,1
199120,1
199122,1
199123,1
199124,1
199129,1
199172,1
199173,1
199180,1
199190,1
199194,1
199203,1
199204,1
199216,1
199232,1
199244,1
199277,1
199281,1
199287,1
199294,1
199299,1
199302,1
199303,1
199310,1
199317,1
199333,1
199334,1
199339,1
199345,1
199364,1
199368,1
199371,1
199387,1
199395,1
199396,1
199401,1
199428,1
199441,1
199443,1
199457,1
199472,1
199480,0.6280723315197245
199485,1
199491,1
199508,1
199513,1
199514,1
199516,1
199540,1
199562,1
199573,1
199580,1
199591,1
199593,1
199595,0.9987475631356095
199604,1
199609,1
199612,1
199626,1
199627,1
199631,1
199640,1
199643,1
199647,1
199650,1
199658,1
199660,1
199669,1
199673,1
199688,1
199689,1
199692,1
199700,1
199704,1
199715,1
199716,1
199724,1
199746,1
199765,1
199776,1
199780,1
199781,1
199787,1
199798,1
199811,1
199813,1
199828,1
199829,1
199832,0.999994790388177
199847,1
199851,1
199852,1
199858,1
199867,1
199879,1
199899,1
199888,1
199897,1
199934,1
199942,1
199944,1
199959,1
199963,0.9999999999999996
199975,1
199979,1
200012,1
200014,0.9999999999999988
200024,0.6256070776559406
200031,1
200032,0.5907246875630003
200035,1
200050,1
200057,1
200059,1
200068,0.9999999999900655
200089,1
200090,1
200093,1
200104,0.4365932137378058
200122,1
200124,1
200131,1
200132,0
200138,1
200148,1
200149,1
200151,1
200165,1
200182,1
200213,1
200215,1
200216,1
200219,1
200223,1
200224,1
200227,1
200229,1
200235,1
200253,1
200259,1
200263,1
200274,1
200279,1
200294,1
200298,1
200299,1
200301,1
200303,1
200306,1
200308,1
200322,1
200324,1
200331,1
200342,1
200356,1
200382,1
200392,1
200394,1
200418,1
200419,1
200452,1
200475,1
200476,0.9982481670082787
200482,1
200483,1
200484,1
200497,1
200503,1
200507,1
200509,1
200535,1
200562,1
200566,1
200572,1
200575,0.0001209515325716444
200601,1
200610,1
200617,1
200622,1
200631,1
200639,0.9999999999988769
200644,0.8806015326722759
200646,1
200649,1
200654,1
200659,1
200673,0.5682312604373349
200692,1
200693,1
200699,1
200713,1
200716,1
200717,1
200720,1
200731,1
200747,1
200748,1
200750,0.6527188250979578
200753,1
200755,1
200759,1
200762,0
200772,0.9910332568945502
200775,1
200777,1
200778,1
200781,0.40802311858756274
200790,1
200791,0.796515850774921
200796,1
200810,1
200828,1
200830,0.35854189507370354
200848,1
200849,1
200859,1
200883,0.6372844336188423
200887,1
200889,1
200905,1
